index,certificateId,studentName,program,issueDate,file,pdfBytes,rawSha256,canonicalSha256
0,RTU-2026-CS-000000,Hasan Turan,Computer Systems,2026-01-01,cert_RTU-2026-CS-000000.pdf,1376,ef16fb6123c14fa4d5882bc760ce50cb8fdbf79240e3e12b8963c57dccc58ebc,e55bbb3e926a563c05ca5be54cbaa3ba44fdebd6b6f756b68b12a4f6818308cc
1,RTU-2026-CS-000001,Elina Berzina,Information Technology,2026-02-02,cert_RTU-2026-CS-000001.pdf,1390,3bc2d437606283ba46a331b9e55bc083bb0c29df9410808490bf7547e20f4c35,76643b64bc21e956890de1f170829f48dbd9df31278dd843ffd82890d3b7117f
2,RTU-2026-CS-000002,Janis Ozols,Applied Computer Science,2026-03-03,cert_RTU-2026-CS-000002.pdf,1392,a00e7987dc888116bcd800b657245e88b777eb09884c2831ea3eb19a5a5bac28,cadfb1e0f515b11cfb03e43cbf27cbd64e1396cdc258c06d72acb5b06271a133
3,RTU-2026-CS-000003,Sofia Kalnina,Electronics,2026-04-04,cert_RTU-2026-CS-000003.pdf,1364,b9dc862653bfbc71e3acd1ab9e1640d9af9af2a3c5e05740bac12c02d4fc9172,70f0ffa95701a1504ec9a0d51c9bf0999a15d04d616afa9ff80c7fa6496078fe
4,RTU-2026-CS-000004,Marko Petrov,Telecommunications,2026-05-05,cert_RTU-2026-CS-000004.pdf,1378,0105fc196bdde9f3bdbb517e881fbcc7da63cdb72c8ba18cc63aff629f3adb28,84381853d463fe4bac36bf8dc93a178a477a2fb94f65d9c28f2cba77361dfc98
5,RTU-2026-CS-000005,Liga Liepa,Computer Systems,2026-06-06,cert_RTU-2026-CS-000005.pdf,1388,335accc69552dd83224e9f211009041b3563f8d443bf7d2d006e5e50c8b6aaec,704d648a73289a76c3199bdd76c2cabda05e2dca6c0786c41aa99056f7bf4411
6,RTU-2026-CS-000006,Andris Vitols,Information Technology,2026-07-07,cert_RTU-2026-CS-000006.pdf,1391,5d04ee2fdff2ea343b141db554d6ea6a7c05de4bd1d55150bc5f02ffae31a398,511774325a80cb644ab6b7bee2770fcde046022bbfe34990a89c008d3ed4f2c5
7,RTU-2026-CS-000007,Yuki Tanaka,Applied Computer Science,2026-08-08,cert_RTU-2026-CS-000007.pdf,1383,3aaef345fb1d45f30836e8848bd6acbf3c8403b35951ad43d32604305a33d92c,26baa35f17ec5cdac359fdb50582ec6406fbd6f09584f5928570cf76b0e0cc41
8,RTU-2026-CS-000008,Omar Haddad,Electronics,2026-09-09,cert_RTU-2026-CS-000008.pdf,1363,01aa7be96d79d7e16e9d5fcde517f0d7458599ee8fd1c74a7931898e23a3b6bd,9c1eb8898da072e843fad54a8595b07a6c5dfdd2f22da2ed53c78044f640e7f5
9,RTU-2026-CS-000009,Anna Novak,Telecommunications,2026-10-10,cert_RTU-2026-CS-000009.pdf,1389,37e32e22f249927edcaa7c8dc9b4b61100e46821e21bdf6de2c630ef120b506f,91c43cca6110b33091c998670f50d051731109f542de92238597d7df7d55ed72
10,RTU-2026-CS-000010,Pavel Kowalski,Computer Systems,2026-11-11,cert_RTU-2026-CS-000010.pdf,1391,d29bf25a70c9ebcbef79b801cfa1172a86fdb78d62c595ee80fc24d8c8e8b49f,34f6dbe2aa053cc59bcc302fc802b45dcb97f9fa1b8363096f6e58c84e69ad05
11,RTU-2026-CS-000011,Nadia Saar,Information Technology,2026-12-12,cert_RTU-2026-CS-000011.pdf,1380,b49461008fce1489eaa93b2757dc88eca046d6b9d73df3dcaa6d6ed284e6ffaa,3a87677098456849e944ae2b006e117c3158f2615bc9cce605826abc3f85d54d
12,RTU-2026-CS-000012,Tomas Lapsa,Applied Computer Science,2026-01-13,cert_RTU-2026-CS-000012.pdf,1389,1761137770c13092305bc075f7834c8d6a56dad05f3df023a221bf5a9b7dc112,229968e5077e557fb70227e25924e74b7a5b699689133900a9863edc4fe47927
13,RTU-2026-CS-000013,Ines Costa,Electronics,2026-02-14,cert_RTU-2026-CS-000013.pdf,1381,2e8ef6f929d3dd8297f00883a9be5c0b42f065b066c77b50ed7451d9823e46c9,7b36895b615074bed6cddd27acf711e9536dbc84ee71f1fa50bf52eb417ceddc
14,RTU-2026-CS-000014,Karl Meyer,Telecommunications,2026-03-15,cert_RTU-2026-CS-000014.pdf,1390,965abedf938b1d103e0253d11c9cf5e7b02d0159ec2812bf4fb2e89f94446e4d,8e75a0b95d99753a1a629cd317dba8b2f6a2223c421328c3f089ed6aa4534750
15,RTU-2026-CS-000015,Rita Zarina,Computer Systems,2026-04-16,cert_RTU-2026-CS-000015.pdf,1381,c4a8c31c9fc2f5878654135ead00997506f8c7d821ba5b7c7b8548c10e1715f4,eb9ea08b0d4ed19602a5a00f37898ac35a77cf04c9214f252bec229ae0682913
16,RTU-2026-CS-000016,Hasan Berzina,Information Technology,2026-05-17,cert_RTU-2026-CS-000016.pdf,1383,1b8849f7cf3b23cf6f03c7dfe8ff5dcbf3b5b829910ced1f12d5dbfdda88d0fc,9a2cb963f1cc6cc4c4ec663c2d39df5c882de739db4837268f05179b29d4ee23
17,RTU-2026-CS-000017,Elina Ozols,Applied Computer Science,2026-06-18,cert_RTU-2026-CS-000017.pdf,1400,0c1baf1e18aa7151f524d64a704f5d7a24b481796def09ac9ab28ee31ba3bbcd,6df77877342469a12a2def609986e2975836085569d47072538828cd83887783
18,RTU-2026-CS-000018,Janis Kalnina,Electronics,2026-07-19,cert_RTU-2026-CS-000018.pdf,1377,0393974a1443cceeabe56438e47e5b80c107db9baf1dd61930f2b4a427ea6273,dce3e7be7266a5fd77de178b3aaba25fc0c506071d74841afc41953bd6f7a39e
19,RTU-2026-CS-000019,Sofia Petrov,Telecommunications,2026-08-20,cert_RTU-2026-CS-000019.pdf,1380,81940fe8a4f918a79fe46c79053078682294d40186cc8fa4b70427bcb662fe2e,a23a3fd3840854221bc6d2e955d3ad174ce6041237876c55c19db4f91723559b
20,RTU-2026-CS-000020,Marko Liepa,Computer Systems,2026-09-21,cert_RTU-2026-CS-000020.pdf,1383,761d55910ec1a9b06f33af6c991280a585f824aa9b229e3066a192e568fcb324,037438dd8f093fc740c30051177afd7a7553aaa0825a69fe060cdb400de0fda3
21,RTU-2026-CS-000021,Liga Vitols,Information Technology,2026-10-22,cert_RTU-2026-CS-000021.pdf,1393,9b2df995a0584f90d18f0260cbe0cfb005708e841ecc508f88243cd2e0b81572,3e6119039203331b715bf3a49d6309370a59a48020eeefe915773daf14ae0cef
22,RTU-2026-CS-000022,Andris Tanaka,Applied Computer Science,2026-11-23,cert_RTU-2026-CS-000022.pdf,1397,cfcc480462facc905ce34a6524fa47bb77c4e0c4ef5354204206d658c5dbccff,c41e48b2e27428e70db27c7208de87e1f250ed4f9e5ae721836b1d9384df91e9
23,RTU-2026-CS-000023,Yuki Haddad,Electronics,2026-12-24,cert_RTU-2026-CS-000023.pdf,1367,80f213c210d0116f615becf742a793696ab3ad3a92e44d5439a97ee07cae8a9d,74564456fe838d24953103ff01daaf679c8958f095fa99fe20b26a9b7be42a7f
24,RTU-2026-CS-000024,Omar Novak,Telecommunications,2026-01-25,cert_RTU-2026-CS-000024.pdf,1383,6b6e128a949b60061a107423757c6a765811c2e5c608e35886319551eeb953fc,577fe348920601d0e7df29ecd9bee27ad08c181e23f79bef836c3cedfd4ec2e3
25,RTU-2026-CS-000025,Anna Kowalski,Computer Systems,2026-02-26,cert_RTU-2026-CS-000025.pdf,1395,7da47d85b94da72185a8624c5cc122cd8a8e88051bcb9e20f053f10084404894,ae08d15b735f5e612be83cd7d5bc7df81cbae00a3d4e39ba4750a98327566118
26,RTU-2026-CS-000026,Pavel Saar,Information Technology,2026-03-27,cert_RTU-2026-CS-000026.pdf,1387,6b6a1da4e4b60fdbb240d9de3f28d1a637b75ceff776856a5b442bf7bf724543,116b7f537c598c7ef95f306e9ecc2a46f59b622a87b35c729b66b7160ea48573
27,RTU-2026-CS-000027,Nadia Lapsa,Applied Computer Science,2026-04-28,cert_RTU-2026-CS-000027.pdf,1389,05854c78b9985392601ce6d60cc46e4f7287f8fc20d13bc1bc6ed49858468ee8,e3f17b903a48b7525bb5990f2b08fcf7931085e0bc20785dd59a11166496f388
28,RTU-2026-CS-000028,Tomas Costa,Electronics,2026-05-01,cert_RTU-2026-CS-000028.pdf,1367,dcc9a9d69d8bd58789904ecb5116683dee487a403d401a66ab4a32b008bf426c,53c6d63d48f5a8bb63059831ae8918f85924d67223062bab4eedd768950d3c5e
29,RTU-2026-CS-000029,Ines Meyer,Telecommunications,2026-06-02,cert_RTU-2026-CS-000029.pdf,1388,f0540083680738659f89355b563ce5a52c125da10375573639a6954f1a55d6d8,745d47361542a225867c63a20fd7f61a17cc04feaf390a78155bd12ff0b0a284
30,RTU-2026-CS-000030,Karl Zarina,Computer Systems,2026-07-03,cert_RTU-2026-CS-000030.pdf,1388,58baba8adf04cc42cecb9bf52be05a6ac4d4b3c83d4cd631e77fe4ac128a36b3,33ce3eee122eddf023c90318c3681da0f8a4954327d887aef7a52ac2238879b9
31,RTU-2026-CS-000031,Rita Turan,Information Technology,2026-08-04,cert_RTU-2026-CS-000031.pdf,1384,0f2e92932d2c98e42e9d77866e59c61034a066a94c0fd8eb157ec16b1dff92bf,ee0df48faf88323a7d75dad2b6bc0670589daca4b152b8f956516b5b6ea40dfd
32,RTU-2026-CS-000032,Hasan Ozols,Applied Computer Science,2026-09-05,cert_RTU-2026-CS-000032.pdf,1390,666551a9200c81e05c65bf3d562c16b1e9cd45f5d6ae5855cd7c0a5daa9d9dc5,8533e928f219c524e9e4a55c1497fd2180265464b0419c1f69e5da8dd5214017
33,RTU-2026-CS-000033,Elina Kalnina,Electronics,2026-10-06,cert_RTU-2026-CS-000033.pdf,1382,6c7f4c5b855a77e9a1c3f7bf9ae2179b2ef041b9a54cce47ce703f89f01da116,71940f07a1934e25e2934aab97eea369796ee345951de8bfaa010cf794c043de
34,RTU-2026-CS-000034,Janis Petrov,Telecommunications,2026-11-07,cert_RTU-2026-CS-000034.pdf,1394,2d760cd34c61130d8ea560773e2e145352e8cebb58fb505f44ea1261f87018db,02ddad8f3f3822486d7c4477bb7abfea21d542858ddfb8f8807991ff6f7b4638
35,RTU-2026-CS-000035,Sofia Liepa,Computer Systems,2026-12-08,cert_RTU-2026-CS-000035.pdf,1380,8d862ba6c31bf62fd8c8183efd52d87c80d32eeb7c794489b9c44f7192e6e4cc,4744b7819ef6a23b46c7751dddb0e87b6c316dbd5fe326d4de1fc19b43d4bd65
36,RTU-2026-CS-000036,Marko Vitols,Information Technology,2026-01-09,cert_RTU-2026-CS-000036.pdf,1383,42847b12e39caa3875f70738ffbfb5bdefaece7f3bbef4bb42dcde4f4965631f,d6b9a5242f5bfe99a2bf1e094d560f682cf3ce8b5300ecabaefb81c544611acb
37,RTU-2026-CS-000037,Liga Tanaka,Applied Computer Science,2026-02-10,cert_RTU-2026-CS-000037.pdf,1399,6d381374bd48094ac74c9aa55d1a246e9336fcdd0efbd2da49123c2185929d99,b146e34ba57423acbf95ab135f063993f3cee478fcb3cc9d59abd01eeb215255
38,RTU-2026-CS-000038,Andris Haddad,Electronics,2026-03-11,cert_RTU-2026-CS-000038.pdf,1379,df223b0e58e755dfa6ddfa37c882614c516f53415ddbef8feea0aa1c9146366b,dc1d98dd054c1bb314fb64d1449634519e636a4f349fbd4ac91c4913e6cb32f6
39,RTU-2026-CS-000039,Yuki Novak,Telecommunications,2026-04-12,cert_RTU-2026-CS-000039.pdf,1383,05cd8451bcfe570d44c33dd9216e2e25bef978ef54c5adb145f70fbcee3ba022,e82dab3be0269b201c8b714d0a270c7821623b3e7b23c6a26cce5a72f65da903
40,RTU-2026-CS-000040,Omar Kowalski,Computer Systems,2026-05-13,cert_RTU-2026-CS-000040.pdf,1388,5c8154288a4c8929679cfef6532690e9aaa9be9defd5a237df3e8d9386dd8774,220f47e690af8402896e0e65110c6c9a9cb5c9dad7e73d8e6c2fe4353b9d7c82
41,RTU-2026-CS-000041,Anna Saar,Information Technology,2026-06-14,cert_RTU-2026-CS-000041.pdf,1393,327854ec3f301aa0e33fa099669f7fea28442b4a26fed59ae32125ec0e1e44f4,560f716a2c720c7ca638e3fd0cecb1e966f4da71f93143ce8605c32cb3fbaad3
42,RTU-2026-CS-000042,Pavel Lapsa,Applied Computer Science,2026-07-15,cert_RTU-2026-CS-000042.pdf,1397,cbb7b4448e8ebbc53eb823c1ffa8a75ea4b6a25b31589b42bfa652a6d7f120e5,f2e7313dabe3e19cad985b2c3bb47518e178752b37fbf5aa55818c29e9d6401b
43,RTU-2026-CS-000043,Nadia Costa,Electronics,2026-08-16,cert_RTU-2026-CS-000043.pdf,1370,5b1f92edbf3c58b41875f72847c9846ba2c960c362da827f4dde7209c2d32a53,0b9e666019471eb1b05720b01f2bf6ed804e8009346cb8bfc860336b9a00084d
44,RTU-2026-CS-000044,Tomas Meyer,Telecommunications,2026-09-17,cert_RTU-2026-CS-000044.pdf,1382,baf2c4c98874591b5bdb385236b8127a80b6dc65322cdc4a87786096f06aa3c5,d342ed58660cf55ec286efc344cf4e6796ac8799b3309beb79afce35684a1d15
45,RTU-2026-CS-000045,Ines Zarina,Computer Systems,2026-10-18,cert_RTU-2026-CS-000045.pdf,1395,8eadbaaf9403f6b1de4c271ca9eef7574c3679f2e6191afa3153502e2d725b99,db6836cfb82ecbc3b2362ca8f59039d2f1c260dcc9b5e192f0d79cf3158cac20
46,RTU-2026-CS-000046,Karl Turan,Information Technology,2026-11-19,cert_RTU-2026-CS-000046.pdf,1391,ca6a872175f3939cb627d1daff0de90325da38ec1b61fa1c2d58f1c26de5ec71,1e57434719b014db09782dc97ecbd593de4d4455ca3e68e49549407227bcbd7a
47,RTU-2026-CS-000047,Rita Berzina,Applied Computer Science,2026-12-20,cert_RTU-2026-CS-000047.pdf,1389,e8936d6591c25f7912fa21a1eaac0bdb0a5ecbc3a11e537f0546fc8124dc3964,145299a2e31d63c70a3808082b67d9c89135d990d52068eac344341edc6d0e29
48,RTU-2026-CS-000048,Hasan Kalnina,Electronics,2026-01-21,cert_RTU-2026-CS-000048.pdf,1371,24e9d79775c4d7252f1fa7b926882309872f6610c4b40e62c8af1fa672296b21,02418bb7cc11b147d65581263331dbaff38205f350c289a21235727ae129ec63
49,RTU-2026-CS-000049,Elina Petrov,Telecommunications,2026-02-22,cert_RTU-2026-CS-000049.pdf,1394,1b3b6a42e63e544c9bb1174d6b357f42869c5f83acdff805d1f3f2b8596cd8b9,889cc34515dd6f322239ae7e4d5a887181abbb429451a7a8baebe11178a49aa3
50,RTU-2026-CS-000050,Janis Liepa,Computer Systems,2026-03-23,cert_RTU-2026-CS-000050.pdf,1390,b45c1cefa7d1427efb98b4f864fb1e4e47b100f2ea08b63f9466e72937bd3c57,232d3f6f48c0092a8ec2224c87f8577b2398b71175140b7befd7c0ee685eea24
51,RTU-2026-CS-000051,Sofia Vitols,Information Technology,2026-04-24,cert_RTU-2026-CS-000051.pdf,1385,f4fccd4ad8b800cf7fb4150bbefc8dccfd14d9c04fc031f9e687c507b574eb05,47a53b74ea35b4736f438cf3d869e1b29b4608fe7f7b32dc34469eef317f70be
52,RTU-2026-CS-000052,Marko Tanaka,Applied Computer Science,2026-05-25,cert_RTU-2026-CS-000052.pdf,1389,422c970c61d5f02c54885db233da9ca6708d59e16b7f7d80697b10868ed1393f,23dad89c5b460efbd1df1d455a38f430285c34b9a20b62bc74b472f13eacb671
53,RTU-2026-CS-000053,Liga Haddad,Electronics,2026-06-26,cert_RTU-2026-CS-000053.pdf,1380,05497946fa0311aa396011bfa8908cea2e52955ffdf32cf343b5ea58f613c59e,a2a135dc6f563bd7220a31d22b5ac2b52923781dcc396138e461984b3e14711e
54,RTU-2026-CS-000054,Andris Novak,Telecommunications,2026-07-27,cert_RTU-2026-CS-000054.pdf,1393,d44168bb2a042bf5bc66d28b5b959a481e604f18b3de0c00299398c0ead0642b,0ca724befa381a4740d91475bcd9923312b60ba4f51a1c7fbaf41a2b214de7ae
55,RTU-2026-CS-000055,Yuki Kowalski,Computer Systems,2026-08-28,cert_RTU-2026-CS-000055.pdf,1382,b5be8b295285bd707af2abe9abeb446f89ac8a9b4b1648e8be180e06342c8891,c516333c9829cf6240a29d75fc43956e8b960ac544853434e2ad88163821f2c1
56,RTU-2026-CS-000056,Omar Saar,Information Technology,2026-09-01,cert_RTU-2026-CS-000056.pdf,1379,a1fa2ef71ada984663319de3fd6f59aed274cb43cbf03ce18d081be359df983f,927844defff2dab550a770fe236cc1043c47f5eb39bd18b2580e452a0b1ece45
57,RTU-2026-CS-000057,Anna Lapsa,Applied Computer Science,2026-10-02,cert_RTU-2026-CS-000057.pdf,1397,b1cd8f2360efbea54c58449d303af044a14e66934b1a5ed900bfc5d0cfc037d0,3c7ac58c6ab43235b200030d9e38a1a514e6d336cd2829ab64bdd016a88b00ec
58,RTU-2026-CS-000058,Pavel Costa,Electronics,2026-11-03,cert_RTU-2026-CS-000058.pdf,1378,c196dfc6b2cd045d1d004e8afa454cec73acd319b784420b3eed6e2d90506c86,c503223a5822ac9792f28671aa3dd5ec07e6ce5d0c84e975c9bb1c85ad9a2291
59,RTU-2026-CS-000059,Nadia Meyer,Telecommunications,2026-12-04,cert_RTU-2026-CS-000059.pdf,1385,391e73970eb3c56dcadf3157369554a31dfb14b2ab51fda8d3b4a5ac3ec49892,5369236e94eaf1143607c7fdfc220c9cf2a490ca39900819f1615e3441e44cd9
60,RTU-2026-CS-000060,Tomas Zarina,Computer Systems,2026-01-05,cert_RTU-2026-CS-000060.pdf,1383,75caa8812f506076ace593e7b39eb78d1283113797b6c3e15cc1c3bccd5f7f37,705e81d7fea47c52e04ed1598d11e56142cd8bd91e2160920beb5810fe3e56e4
61,RTU-2026-CS-000061,Ines Turan,Information Technology,2026-02-06,cert_RTU-2026-CS-000061.pdf,1393,ca29b59b2514e3c5bdde00a74dd98d9137cf501a18941d62d9b2ad4021f8c0c7,4bf78ad3d11ea21c161f7731827cf3dd641fefc04b6d6e333b88bf6b1d1ea1dc
62,RTU-2026-CS-000062,Karl Berzina,Applied Computer Science,2026-03-07,cert_RTU-2026-CS-000062.pdf,1394,c1bd8f19b45e9284ce1ed36aecb1aaf2745305c6c6a670c4e3746637640dcaeb,a2c429380deb0e027da7ef8a04a9e6708e9c19d542322fd88c5a69fb30fcc753
63,RTU-2026-CS-000063,Rita Ozols,Electronics,2026-04-08,cert_RTU-2026-CS-000063.pdf,1368,5ef736b941e63e48b8fce7df6f900d9b137adad17e4c1661d3a22325b38d70dc,7b88c38e84576fcb276a857bc3a1d1eef2e35a6dea1e35bc46210b26bb182432
64,RTU-2026-CS-000064,Hasan Petrov,Telecommunications,2026-05-09,cert_RTU-2026-CS-000064.pdf,1383,35c4702c129659649a164e035717a2d6ea57dcfb88744ca49cadc85fba1e1d8f,816a99b5626af3fda00f44936697ae9ad9ee93ed662967f6d88a8565b92e85cb
65,RTU-2026-CS-000065,Elina Liepa,Computer Systems,2026-06-10,cert_RTU-2026-CS-000065.pdf,1396,278bcf8c5521e4b77ad06343b12bdf56d013d1b3470ad9abfb0af1d05a8d3d52,7e04cfbfbe1eede3bfd547a2eb2bb062f86f4e41641a4b006d2e0c846f97b1f0
66,RTU-2026-CS-000066,Janis Vitols,Information Technology,2026-07-11,cert_RTU-2026-CS-000066.pdf,1394,fe7e5725d8dd5a4ee9240f93e94d449060c50fe9d6a105034c94bf3b07bee99f,d21713b9b8da1ffe8674f328d65c6bd52ba6dd6a08afe8f7350b290f4e3b6a9e
67,RTU-2026-CS-000067,Sofia Tanaka,Applied Computer Science,2026-08-12,cert_RTU-2026-CS-000067.pdf,1386,2777eff6225d87942c5a23f8e3f9a04f17460f4c84770d0597316857b372ead1,6e1766c704b2ac9794e038dab79132848372afefd712bce8645590c658b615c1
68,RTU-2026-CS-000068,Marko Haddad,Electronics,2026-09-13,cert_RTU-2026-CS-000068.pdf,1371,b870c531676acd139bb3721262fe46136f92feb39a0e68d2de8fba7c8380422d,a87e610f7f662196abd7bbbb4bd23c6efd17e945bef7dad4c32fc6e9d45830b5
69,RTU-2026-CS-000069,Liga Novak,Telecommunications,2026-10-14,cert_RTU-2026-CS-000069.pdf,1395,1500cd645a1dc668a67a216b299f218b80897b515dead62d2be5a44c31404202,31ab7fac3c5b7b8e71e7ea81b6b061d4d581c23e20a0150a7a7f273c655547d6
70,RTU-2026-CS-000070,Andris Kowalski,Computer Systems,2026-11-15,cert_RTU-2026-CS-000070.pdf,1394,b763cbdecec1c85ec8a614cb9bba5d049799a7c699467bffccac39815a42e524,f6ff3fa231d3c5e15d93471bf2ea33154bfd79d33dca666897f5cc0f25e08466
71,RTU-2026-CS-000071,Yuki Saar,Information Technology,2026-12-16,cert_RTU-2026-CS-000071.pdf,1382,4692ca2c16f3d2d69e9d161b3c5c1f8aec79d12e4d68fd2b44bcaa0a898fb6c4,b2aedb9bbb6cdc08a6f4b56c663490e06e7e1650a7f0ca4de684aeb5947268fa
72,RTU-2026-CS-000072,Omar Lapsa,Applied Computer Science,2026-01-17,cert_RTU-2026-CS-000072.pdf,1390,c5994ba698e32f906c4bc2c2b222d978444ee0f048513f772f0ce2b4116f51b4,315b2d28364300fcbb5a7e86fb76a46ab72956a33080c9475f04cd2502df5c88
73,RTU-2026-CS-000073,Anna Costa,Electronics,2026-02-18,cert_RTU-2026-CS-000073.pdf,1380,716848bf42514a307c66a2cd0ce1d59d63e7d40035d46fddee7b6164e3f0de25,0e858a519c5c96895b95766b591991d48369cbbd1dab6ddfcddb4c744b194d6e
74,RTU-2026-CS-000074,Pavel Meyer,Telecommunications,2026-03-19,cert_RTU-2026-CS-000074.pdf,1390,34adeb1e1919f225217cad8c69ac699ae191f153ac55e3ecc98f1bc0c126aeb9,5ec8ddc3b19b4cb1a3a23caf800259eab56f338d216c7a4ca02f8ea8a528d341
75,RTU-2026-CS-000075,Nadia Zarina,Computer Systems,2026-04-20,cert_RTU-2026-CS-000075.pdf,1384,63b163c01603c940571d8e46cdb2acf0396ddad5d87423053b331ac4bcf1c63e,0426b59ec9cf91fbfde7426bb3968513d9a1ccddfa306736a2d7242f4c4df9a0
76,RTU-2026-CS-000076,Tomas Turan,Information Technology,2026-05-21,cert_RTU-2026-CS-000076.pdf,1384,afe936578cdae2fc672c35e1f1cded050eddbfee97ba62d98df9c6e9c922bb12,0f247ba3927d4a1bdab18f6cefee9cbd2246ead0ef72b35bad521c4bd13d350c
77,RTU-2026-CS-000077,Ines Berzina,Applied Computer Science,2026-06-22,cert_RTU-2026-CS-000077.pdf,1398,ce82e0f254850e748ee0593c6746e685ffdc78d6470d74f528751b467932dc71,f3640f61699e90ce941cee49769d9b66bd0fb94a44f15f16b33aa4af84815971
78,RTU-2026-CS-000078,Karl Ozols,Electronics,2026-07-23,cert_RTU-2026-CS-000078.pdf,1375,5a937474a5c283963e1b7c3e1eba2ae01effd703208f6202c3a27e65144b30ad,325707f9d74dd4d2af82489e952ba87a739ea7911cd4f7e6a25aa9b3026136da
79,RTU-2026-CS-000079,Rita Kalnina,Telecommunications,2026-08-24,cert_RTU-2026-CS-000079.pdf,1383,d0118e34b6c0aacf2d23b76911e107a8437546cbfa7c6b76066f9a1dc171e98c,ffc613a408cfe71d3c8ec51b757f674ccf5495318fa7afa296fac063c845d53f
80,RTU-2026-CS-000080,Hasan Liepa,Computer Systems,2026-09-25,cert_RTU-2026-CS-000080.pdf,1385,b1554de8a91d55f9a3551475b5fb00710054449717667e88d7b821389d537c69,8d850a9e9adbc004388e1790b4f2f83f6a7fa8bb9193339d9e1a65121710594f
81,RTU-2026-CS-000081,Elina Vitols,Information Technology,2026-10-26,cert_RTU-2026-CS-000081.pdf,1395,9844e931b0283c7398a8c64254880b919adb440a84aabb269e1ff521a1f2f28e,c50e7fe81b9a020fa2f82456c4728c31d33e7c0f531c152995d03af7a15956c6
82,RTU-2026-CS-000082,Janis Tanaka,Applied Computer Science,2026-11-27,cert_RTU-2026-CS-000082.pdf,1397,08ac9a158d5ade6d10fc8c1972211a1cfca7caa9c9763115caad12f3e26f28a4,7874866719b983f0300488027c185b4b37f20cf5adf80bfc537d4011e4b84ac4
83,RTU-2026-CS-000083,Sofia Haddad,Electronics,2026-12-28,cert_RTU-2026-CS-000083.pdf,1368,c2041d0ca28683ebd87d32a4f301642c86cccc9bba68825e12b89790bca7d9ac,a2b7bf6ac73f6cd9be78a6de2fb5a52a53fe207177bd3749daf4837b24d5c302
84,RTU-2026-CS-000084,Marko Novak,Telecommunications,2026-01-01,cert_RTU-2026-CS-000084.pdf,1386,0c18eecf057fd1d309a41671a4ee913639fc4421867642b4b4256c238865a178,e6777613c0b2752a530ae161063ba490e896270e71b4872b55b123dfc562af50
85,RTU-2026-CS-000085,Liga Kowalski,Computer Systems,2026-02-02,cert_RTU-2026-CS-000085.pdf,1395,25c5f63cb838aeae7f41bb73ed6fb464222c3991cd207cb732ac5a33babd250a,808cbda22fcc0c11885979c850e06068e3e402950392314cf7eb2c99373e61db
86,RTU-2026-CS-000086,Andris Saar,Information Technology,2026-03-03,cert_RTU-2026-CS-000086.pdf,1386,6f5ce0b7512b428e803965af2d9389838ff17d95799456bf0024bac583076371,c675d75ff651cf4afdfac55fb25e0366307e77ec84468a6173ccd7b57bbce77a
87,RTU-2026-CS-000087,Yuki Lapsa,Applied Computer Science,2026-04-04,cert_RTU-2026-CS-000087.pdf,1387,1becfa52e485d997e2780ef3d13aa34442d2e19506efb4597b4dd55ae173fd97,31097ba5da82c0098536cf35f769751a3917877e999fe388b66f486d0e4146ad
88,RTU-2026-CS-000088,Omar Costa,Electronics,2026-05-05,cert_RTU-2026-CS-000088.pdf,1366,5b86048bb0f89e18455386309fbb6922dd46b33f61962c0c09e57654427440f1,6540d02f8e5c7eeb7888b69b88e73a002551fbb692ebe3e7b261968652620c2f
89,RTU-2026-CS-000089,Anna Meyer,Telecommunications,2026-06-06,cert_RTU-2026-CS-000089.pdf,1390,990992d6bd11dfc675db25c331e1c8406c9ce1581eff29fb83caade718f12415,80464c63da3de90e8780406eb4fb0206bf66a03c403e87a6494a91ce7be7de53
90,RTU-2026-CS-000090,Pavel Zarina,Computer Systems,2026-07-07,cert_RTU-2026-CS-000090.pdf,1391,d3c29a51b1352888dee3b483672daab0573e6b46e5fa6268369c9ad5f7395bdc,844d25e304419a16aeea48e9484fa296884b46fd56edb40ca3a24a2fa46b2750
91,RTU-2026-CS-000091,Nadia Turan,Information Technology,2026-08-08,cert_RTU-2026-CS-000091.pdf,1383,8dd91cba1815d7098ce1023e4d144b9ce08136b648769701d004f4ef28fce7e7,b81c5a88eded9ab38c0975a4ec16752da95140e3ad079b9b61f3653002e7cef8
92,RTU-2026-CS-000092,Tomas Berzina,Applied Computer Science,2026-09-09,cert_RTU-2026-CS-000092.pdf,1387,5cfb06d6c220e2d9be86b6f5fceafececf30e0a4f0a99bf60d30fdb9e2002064,10a9efe0f26d47f6331f0110ad0d00d1e1183ad8430a509137d5153c6e14e8d3
93,RTU-2026-CS-000093,Ines Ozols,Electronics,2026-10-10,cert_RTU-2026-CS-000093.pdf,1380,08da9b73140b911cbdd5174749115f63bd0fc8f80b2c6ecec1cb9dbfc4c9d1a8,cfca8283160d71d142bbb393c425e7410d744973509562934ebc9c71176ea325
94,RTU-2026-CS-000094,Karl Kalnina,Telecommunications,2026-11-11,cert_RTU-2026-CS-000094.pdf,1393,77833ec8a7c93eb46e1db7fc35515ec3de25484e7ae48d9568f9daa19e89f780,b0cf5c4e9271e582e25ed6cc6fbcfb634c4134366502cc169e96c2d81b8a0ad5
95,RTU-2026-CS-000095,Rita Petrov,Computer Systems,2026-12-12,cert_RTU-2026-CS-000095.pdf,1382,39b7ed3cf7f224afc77ed3d430fe22adfc172cd1008e3566df2c1fbccfc3fccb,05bfb27208e273939ac386269b24857befb315406b4dd457f3f364d87dd61cc5
96,RTU-2026-CS-000096,Hasan Vitols,Information Technology,2026-01-13,cert_RTU-2026-CS-000096.pdf,1385,4441d907817c85847dceaa3cd76eebb43740c369fa53f73b2e0b35b9f62cd6f8,991d2af6945bb1e219a4520f3d6f7640edba4f6ba93e85a2cff049ab73c7d7e7
97,RTU-2026-CS-000097,Elina Tanaka,Applied Computer Science,2026-02-14,cert_RTU-2026-CS-000097.pdf,1401,e1afb2486b31425e069c5034273d15da1a10a150e01f6c9c5b0e357b836303c1,17c10a40d50455561ed71dbaa98a76454917fa67e8d9aec6cfe4080da9e7c4dc
98,RTU-2026-CS-000098,Janis Haddad,Electronics,2026-03-15,cert_RTU-2026-CS-000098.pdf,1377,86ed325591983062911b67c43c7cc12280c893d6249a72c902a560255f574842,4595f150e75a3a37aa1ed1ea742a8a9b67e766fe5dd05a23fb68534d66adf863
99,RTU-2026-CS-000099,Sofia Novak,Telecommunications,2026-04-16,cert_RTU-2026-CS-000099.pdf,1382,778e93e80f669cf2278c58929e67bceeabc4455d1b2440f12fc390eca3a86f0a,bd7f321ca7c51f5df252f905e4627c13369ecc17602e959d526fa44374c07846
100,RTU-2026-CS-000100,Marko Kowalski,Computer Systems,2026-05-17,cert_RTU-2026-CS-000100.pdf,1389,a5c4ff51f4f3082ea70629211cd51c0f3a93fe635d48eeb3d8abae0bdfbb1f05,ee86bb71b773a2509c6a59ffac02367609db7f879182510e842c75e4cdd5bdb3
101,RTU-2026-CS-000101,Liga Saar,Information Technology,2026-06-18,cert_RTU-2026-CS-000101.pdf,1391,4abdf0811161bb6eb70a334a76a9baa5daa58eb6f3125cd2bd40d321b00a992c,07e619fb2a2355b29343a1cc4a6bdba9a6ccdbcb226a686a12cb6f55cfdc56a0
102,RTU-2026-CS-000102,Andris Lapsa,Applied Computer Science,2026-07-19,cert_RTU-2026-CS-000102.pdf,1396,1893d09f80a0de99c1bd77d3d7ecb1849bfc87d651e2ad11519b684edc4f018e,eab3294c985f26ffd1d28d124ed2f03e5eea9b319d670f64f9910df5ef7c2359
103,RTU-2026-CS-000103,Yuki Costa,Electronics,2026-08-20,cert_RTU-2026-CS-000103.pdf,1365,f2ddc335bab608dc608486f939fdafd31c20249140999e0d578d9a6a78bfb19f,bea726bfe63cf1fb03a97d8db7f5fd11fb92949c990658f4442b9454a9ba6008
104,RTU-2026-CS-000104,Omar Meyer,Telecommunications,2026-09-21,cert_RTU-2026-CS-000104.pdf,1381,da449bad6712ce26ab8b07990bf46d4457fb61d399a3a12117b52301f6902d45,93e00a13902bd29ba2aab26eff2ffdcd3ceb2e5656bdd27a40f4bc51c50858e7
105,RTU-2026-CS-000105,Anna Zarina,Computer Systems,2026-10-22,cert_RTU-2026-CS-000105.pdf,1394,2efc92347a84a81b129b447a549724baa32e215fd164967bf063340dabc64890,ba913c8ec43dfdef015b142317b8ec53a62d025edf1d2798197daaef47c74843
106,RTU-2026-CS-000106,Pavel Turan,Information Technology,2026-11-23,cert_RTU-2026-CS-000106.pdf,1392,5285428684fbd7c7128e7c45c91c47b3bc63ab733dabd00621d313397b9545ef,8a6e3bbbc7405ee176a588327d277ffc94f920deb983c63b7820251935338a0e
107,RTU-2026-CS-000107,Nadia Berzina,Applied Computer Science,2026-12-24,cert_RTU-2026-CS-000107.pdf,1391,807e1a30736bc4520527fd69545941ef8d09c282f719ebab3aee4fb502e43e53,3c45396edd7f55c3759b7d14f71231dbdb3b52ef0838c9d77ce801d0bce32a53
108,RTU-2026-CS-000108,Tomas Ozols,Electronics,2026-01-25,cert_RTU-2026-CS-000108.pdf,1370,6f44d7b9ca050892f94ea59c3fe32bc82c7071dcd94b786ea681811c68d8138a,d4a6079f41ac345053a7c733ebf89164d9b7cacd59ea55025111f9670aab7d3f
109,RTU-2026-CS-000109,Ines Kalnina,Telecommunications,2026-02-26,cert_RTU-2026-CS-000109.pdf,1392,b66c8b1df3b031b0c2ec03eccde73288e21f18c0ce4f5b2b725a82eceffe2f6a,0fcfa02c6161a24a7512c0490ab3e7978db2b0c62a63ad1e7d86f05fa93ba298
110,RTU-2026-CS-000110,Karl Petrov,Computer Systems,2026-03-27,cert_RTU-2026-CS-000110.pdf,1389,8f0f35669d06f00a3d2f7ac177315f6cec9b7e44098fdbca933fe3bf28e2dab6,1e1f608d0ab0b7bb6937410bc77786d386e54dbba71979196caedb5065471bc1
111,RTU-2026-CS-000111,Rita Liepa,Information Technology,2026-04-28,cert_RTU-2026-CS-000111.pdf,1379,48f26990b69ebb7b1d6330f0955b9f85d55b0d762b7b06eccce309c9c2c611c4,e6f9a2d95a8aaeac41c161f6fd52a22656cd32715cd76b6ff204366e9e1563bf
112,RTU-2026-CS-000112,Hasan Tanaka,Applied Computer Science,2026-05-01,cert_RTU-2026-CS-000112.pdf,1386,dff385839714f11bf4b1e3398ceb494f5eff49fb5c97b25168e183f4e9c17b60,102d46353b8bff69ca84d0217fcf046f1211e4a621ded20adc94370124e50f07
113,RTU-2026-CS-000113,Elina Haddad,Electronics,2026-06-02,cert_RTU-2026-CS-000113.pdf,1379,4d2951aa909777952b26a506cd17a34092344003e2cf7bcaf845e2016772abca,3b2a3a9d435c309723ba92f1f73c1c9c1d973119312b6622d1d47f6e6dada487
114,RTU-2026-CS-000114,Janis Novak,Telecommunications,2026-07-03,cert_RTU-2026-CS-000114.pdf,1389,104b09abb42c6d3eaaffefaa90cdae09be4ac97b114806196029d3a5f21ee89a,387025cb0911e5d3b44d1ed0b1fc824f487b7316cab21222d93173f6db469a85
115,RTU-2026-CS-000115,Sofia Kowalski,Computer Systems,2026-08-04,cert_RTU-2026-CS-000115.pdf,1383,3cc3e33e33e6d52bf77241c4225484a1a6e5b1500f65e67b66569319b89c9c6f,eb86b3459d28fe99217e817249ff339a495cdbe620e36f7277d6777b5a81ca92
116,RTU-2026-CS-000116,Marko Saar,Information Technology,2026-09-05,cert_RTU-2026-CS-000116.pdf,1380,36528292a2930e8d66d0c6ed89ec9d8973ce237d60370688726f736b8c88d189,6985bec6b9b48d672ce5a1ad992585d6ec231da747a87174f64e7b701199d714
117,RTU-2026-CS-000117,Liga Lapsa,Applied Computer Science,2026-10-06,cert_RTU-2026-CS-000117.pdf,1394,c591deeffe40c6e139ac1ad82072e1a4ba59a830617776d5248b41a2c8ddd169,d718c6783fa235e99427c8014272fefea3a02678017308b6034eab077fa2a582
118,RTU-2026-CS-000118,Andris Costa,Electronics,2026-11-07,cert_RTU-2026-CS-000118.pdf,1376,742a28e4db3b2f0f66a82b431759981c8bd3e8534bd790e85a761ff8c5540639,a90e9f68f7081f5b6374550e51c37135fa07450733966883597cba1b4e49843f
119,RTU-2026-CS-000119,Yuki Meyer,Telecommunications,2026-12-08,cert_RTU-2026-CS-000119.pdf,1378,2130c8c527bec88943f43d8d4ce3810ab076292738931530e87b05a242df4513,ceea8ed5d729fad57d49a1c6bc95aa10ff01124b124c595780f6089cfbacdfed
120,RTU-2026-CS-000120,Omar Zarina,Computer Systems,2026-01-09,cert_RTU-2026-CS-000120.pdf,1384,ff43d99837ca155189f3638463b16355253ec636244ded12c1c079990afbd7b2,ffeec13d2f9cc4f1012b976cb2a4dbc8825b24bc1f7ba66eef32e70961e25998
121,RTU-2026-CS-000121,Anna Turan,Information Technology,2026-02-10,cert_RTU-2026-CS-000121.pdf,1394,4b79a2ee1ed1246a226277c2c12f9ebf15a14841dae9570ee17d1d226167ce87,b4b2439f25051be327ba0899673d86cacc0a461d26eecc4df3be7b794583b01d
122,RTU-2026-CS-000122,Pavel Berzina,Applied Computer Science,2026-03-11,cert_RTU-2026-CS-000122.pdf,1399,438317ee7d177067efe5594b55ca3aca7112e434050387520b6b9d9b094c2748,195aee3e518f41928134e2accb3e1ccdbb9a946054bc495d20d6c591f42351c3
123,RTU-2026-CS-000123,Nadia Ozols,Electronics,2026-04-12,cert_RTU-2026-CS-000123.pdf,1370,1d162a8c81a72650f8c3213f88c06707b1bc127a4a3c65c458538f27aea3486b,ee755161bf50c0d7abafd8eb3b161f37b50bfcee639889e1b8b997451c0f93e4
124,RTU-2026-CS-000124,Tomas Kalnina,Telecommunications,2026-05-13,cert_RTU-2026-CS-000124.pdf,1383,0c561f3586c873057f4cf344adaeafd3c29e0eb57d1de2ec316f22053ede09d0,78f819c268e83d80b27a60a2b09c3fbe201fcc6d199dee6881792624a941495b
125,RTU-2026-CS-000125,Ines Petrov,Computer Systems,2026-06-14,cert_RTU-2026-CS-000125.pdf,1396,eab3b5c053f664dc64a930dffb6686e2dde7d6e4627c087084deff8977b302ef,38ca2517653af7c55b853e2b21c26f531dbd114c4e27a264bb34df55cf1bd49c
126,RTU-2026-CS-000126,Karl Liepa,Information Technology,2026-07-15,cert_RTU-2026-CS-000126.pdf,1389,091165589c63234acebe1396703db0d74521ae713e6e51bb7cf2cda424a02c41,c7ea68493873ecb2272c980edbb902e73bf38ecba05af55eec33c15465490de1
127,RTU-2026-CS-000127,Rita Vitols,Applied Computer Science,2026-08-16,cert_RTU-2026-CS-000127.pdf,1386,3baf35d5346be592b4f582b23615880a680c0128b4bc696c0eab570cd5c7dbf5,3285835f8b01ebefdf877035f8b40648ed3d6688b1150c195ece6d5dbb3fac3d
128,RTU-2026-CS-000128,Hasan Haddad,Electronics,2026-09-17,cert_RTU-2026-CS-000128.pdf,1369,62e23861df2d4e95b34de33043bc3f3ca09ef278db1ecd9fdadb18ee3580c411,5d4a8dffe8db453dd7e4e2f55e75a9f61e3360e2b93a4019a40b09a5f22ef944
129,RTU-2026-CS-000129,Elina Novak,Telecommunications,2026-10-18,cert_RTU-2026-CS-000129.pdf,1394,50d219e11f63b0b8f1773912c74982d7fdad07463d22e23c09c583237a8f6d05,b0dd165ac1832f2398028161e5b18969d2bfe679a914a9490daf6bbd4b647104
130,RTU-2026-CS-000130,Janis Kowalski,Computer Systems,2026-11-19,cert_RTU-2026-CS-000130.pdf,1393,4a0e8400c5d071de56a7e17e51b5276367c448ac9528b00acbd09d224a5920a9,e59fa7c195be42d8730aa20f326df15cb758d2f455e0ddf73b830ebd1d76a6ac
131,RTU-2026-CS-000131,Sofia Saar,Information Technology,2026-12-20,cert_RTU-2026-CS-000131.pdf,1382,b82048e9135668ae6962113dc872e06b224cff547d2dc4a432fa69d666414a87,d48bb382b51e68457150f199c01729671421395223475eea21f5c4184546592e
132,RTU-2026-CS-000132,Marko Lapsa,Applied Computer Science,2026-01-21,cert_RTU-2026-CS-000132.pdf,1392,f59a11d454bc1d380884454bef07135591eab6e73766005e9b2640dd7a365f61,ffc1fd85eb06554c7405407bbd5c5e0c8809a0b995a75306dfc13953b861190c
133,RTU-2026-CS-000133,Liga Costa,Electronics,2026-02-22,cert_RTU-2026-CS-000133.pdf,1379,b7e20ea753bb9d6aed39558f4f4a1725d07e79d60da2ee0f0f20d6f16d479322,932e267e8ac9818a9cebb4caf8de1fabb79fdd6e2158c087624e060e998dc021
134,RTU-2026-CS-000134,Andris Meyer,Telecommunications,2026-03-23,cert_RTU-2026-CS-000134.pdf,1392,f17c91c61e7be1cbcd96f9f7455a675363c94c7d166057d023e620b69e087fb6,589a06d702853cc0d60f3f6cc0944644b8dc03e3318ad5246535749a9f93a2d3
135,RTU-2026-CS-000135,Yuki Zarina,Computer Systems,2026-04-24,cert_RTU-2026-CS-000135.pdf,1386,5e34d837f5c932b3fb099637114c198bd927864e56d295831e2c878ddf57df88,06a6bb8e0b94d856f678702ba3ff75685b9ca79064c074bf430f676ff03409ea
136,RTU-2026-CS-000136,Omar Turan,Information Technology,2026-05-25,cert_RTU-2026-CS-000136.pdf,1384,b75cedb4254c0265c852deec79b941abee8e4fe31e3760dc34dd8c07a51e8a00,a5bd8d1bbf99db873b2474932e9ced75ecfe549ccd8a22eecc93c219cde5fdb1
137,RTU-2026-CS-000137,Anna Berzina,Applied Computer Science,2026-06-26,cert_RTU-2026-CS-000137.pdf,1401,e65dabb57913b1b73c3a0a7f1acbf6a65972ae99ce6983aeb262929fe0a86c04,ae3225b1e69aa748bbb072dcc04d89bcfb48674e78fb9ecae99403df0b220b9b
138,RTU-2026-CS-000138,Pavel Ozols,Electronics,2026-07-27,cert_RTU-2026-CS-000138.pdf,1379,672a71bd005612f0e7ff36cb42b19492296c270b7f3dbc7292b3418a11d701d2,60f4dc1c5782f484b695b9455a7ed52de2c70930b076bf394e0cd05b5d9fdf9e
139,RTU-2026-CS-000139,Nadia Kalnina,Telecommunications,2026-08-28,cert_RTU-2026-CS-000139.pdf,1383,18a4ad4b5d7adb9d8ad44b676c89adb9029e65b6cb91ce078ed6d098a3b60cf0,aec0ac8bf7b6990ad4da0a3b5214f02028edc25ce1c978da2ba91c5577ddc576
140,RTU-2026-CS-000140,Tomas Petrov,Computer Systems,2026-09-01,cert_RTU-2026-CS-000140.pdf,1384,ad649d94de604f246e815fa63ad531baea686a20c6a2c9d56611242b25cdead5,33c176b2a16801ddb30a2cac730060d7f24a643d44f8cb850ff249a46b5db987
141,RTU-2026-CS-000141,Ines Liepa,Information Technology,2026-10-02,cert_RTU-2026-CS-000141.pdf,1392,004ffcda61b2c247a52ab881aa31088514d1e0287d10d20f2248aa1786bedb74,b8ed399a59c22790dc48dcc901282aeee41fb14a3e72ef5f31a5ee46a3349b1e
142,RTU-2026-CS-000142,Karl Vitols,Applied Computer Science,2026-11-03,cert_RTU-2026-CS-000142.pdf,1396,809f030d8b2a3e470ca0e83083df389f5009e9940b05c3fe2686307540bf9507,9384b54aa170a73e1b9cbfde274af05581cb4ac1c6c3aa7e502a612a8816804c
143,RTU-2026-CS-000143,Rita Tanaka,Electronics,2026-12-04,cert_RTU-2026-CS-000143.pdf,1372,18133b3788a169c23064fb9baef78105afa0cd18440a9c128f9a31b372d5e794,6c8487e3069e7f6d556b2132131faa6bbd76c68fa0d52743e256bb5e3dfbdc64
144,RTU-2026-CS-000144,Hasan Novak,Telecommunications,2026-01-05,cert_RTU-2026-CS-000144.pdf,1386,bf02f16893572d84c7592afa545e3fe3868d01b3fa68087a410f3b8f2785ee0e,7dc50319b99051614889cda7c1d4db9d2a89070c325bcaeab4076f8e425ccee5
145,RTU-2026-CS-000145,Elina Kowalski,Computer Systems,2026-02-06,cert_RTU-2026-CS-000145.pdf,1401,14ec1f4f9ec9421adfe5d760d6ff9eb47cc4745a3680e1efca4a0257a247c860,4646b08513347c475ed797681b61e12010f88088eaa2467a5841088c520d2ad3
146,RTU-2026-CS-000146,Janis Saar,Information Technology,2026-03-07,cert_RTU-2026-CS-000146.pdf,1388,5a14faae71d64bbcb3afbb1464d5f87c92954e6389197a4f0a6dd8957ed0c07b,af27f9c4afe7603050bc87b4ad5d265a8f787e293f5a034697ac54700848e643
147,RTU-2026-CS-000147,Sofia Lapsa,Applied Computer Science,2026-04-08,cert_RTU-2026-CS-000147.pdf,1387,244c0a991a7a7b18eeac5eb692f1cdd20ce98ffafb79c32b1121876865498efd,d9e9aa58f5e4b5bce5f74def9d747fb20c64216f157701133ce709cb83e6c117
148,RTU-2026-CS-000148,Marko Costa,Electronics,2026-05-09,cert_RTU-2026-CS-000148.pdf,1372,a82770de88de92070a9034f8ad4f3858b3dba3dfaa84d02603545f6d24937352,478f21cdad4e57d4e1bce8c39a2cf51cc3383926f468c6eb9c1841af946836e4
149,RTU-2026-CS-000149,Liga Meyer,Telecommunications,2026-06-10,cert_RTU-2026-CS-000149.pdf,1391,a3ea29134fed02664bd0ae121f0d814de0578b14d35f27b873dab6b45a1a7cd3,9248655fb7391d5eab4fa0e19256248e80832b03bcc040609685641f46c69743
150,RTU-2026-CS-000150,Andris Zarina,Computer Systems,2026-07-11,cert_RTU-2026-CS-000150.pdf,1393,64165cf4d1997943c5f584ff51da865ea4dca47c3e2a43616ca45f16475618db,57d97286b6b2938afadcebffd8ed510c54a7f9ac4705c1bb94cd56eef9576d3e
151,RTU-2026-CS-000151,Yuki Turan,Information Technology,2026-08-12,cert_RTU-2026-CS-000151.pdf,1386,a6fb7cda5a35881ea14ad96fe39b1db932bbdf41700954dd0823e6be98433ee5,99414a2f981a5019a4497ba1d7cf66cb85b3aa000a0075fab6f1d2e39f35897f
152,RTU-2026-CS-000152,Omar Berzina,Applied Computer Science,2026-09-13,cert_RTU-2026-CS-000152.pdf,1389,3aab2330ded76a1bd04825655a4c0c4f1394ebb66b1f11657791dae76d134230,37987e1583fc3611f80e54957bf9fac6bea073ec24baed886fae09afa28dee75
153,RTU-2026-CS-000153,Anna Ozols,Electronics,2026-10-14,cert_RTU-2026-CS-000153.pdf,1383,34d824c06afc2696cbeca887bf400b75762478c1e4dccc8aa548fb1a35a9c56c,7640bb9a089f29be62b45a5e651030a42d48e5f186975c76c5042d2185782637
154,RTU-2026-CS-000154,Pavel Kalnina,Telecommunications,2026-11-15,cert_RTU-2026-CS-000154.pdf,1394,e9118a73abcef7845874e937d01e69d9a11e559650474dfadaca934e8ef3ffd6,5728ccafd2164754f10a2507bc842035237efb5195c25c525c7ec3fc0a34a572
155,RTU-2026-CS-000155,Nadia Petrov,Computer Systems,2026-12-16,cert_RTU-2026-CS-000155.pdf,1384,a4206c1faf22d42bcf3f4d769cca1fc5d8c98353d39c27fd9838397cfe54f1e7,3c2597f1789735ce70f8f99a75de3ccabe03f1f7127ea05830723988ec50c5f9
156,RTU-2026-CS-000156,Tomas Liepa,Information Technology,2026-01-17,cert_RTU-2026-CS-000156.pdf,1384,2f36191a3982112bb85dfd113f665f1741f007ce6108ae6a051da2a1c7e8ad32,178dfb0ae7dbe6892cce2f75fa0e393c251362e8b6f0ad35dfa1a74911e6bc0a
157,RTU-2026-CS-000157,Ines Vitols,Applied Computer Science,2026-02-18,cert_RTU-2026-CS-000157.pdf,1400,754a8eb48520de1cb1abdfa17ff65f807b6dd46b7ae804520a08c2cffddd6342,bc0f83c86f6dd6c725df9de5f36cb22f4a8dd7550d6a3317b41fd45de25b3e6f
158,RTU-2026-CS-000158,Karl Tanaka,Electronics,2026-03-19,cert_RTU-2026-CS-000158.pdf,1377,d0c94af37f6126c2de0090ebc07bb650f26017829e1310876d3ba5d3869c31a8,0e4d1cd075d6f0457ef71aced196518696ccb23f3dd3ca2055c7506e79cdc3cb
159,RTU-2026-CS-000159,Rita Haddad,Telecommunications,2026-04-20,cert_RTU-2026-CS-000159.pdf,1380,ce76109f3267c5583283dedd34c689e7b96448d68c6db6a3b463b57f75272aad,ff59e877f4b4382f2bf8e19babd535ec19400778d0e7a56943ddbd00f8f23210
160,RTU-2026-CS-000160,Hasan Kowalski,Computer Systems,2026-05-21,cert_RTU-2026-CS-000160.pdf,1390,06a1235e91a6fe77a29ca7ac8cacf418f3ef94d7fb8159779d7f228a07276304,6c8bea8fbb042b1f1541cac7e984b01e9f7b15298c444a1e0969a6ce3640ef11
161,RTU-2026-CS-000161,Elina Saar,Information Technology,2026-06-22,cert_RTU-2026-CS-000161.pdf,1392,e17b50fa1cde5594e259c4300f71247c1a9b37def386d500053762185f14e028,94ae68ea4304b72eade1e7bcb890953e99c359940da5783655487e79d9560803
162,RTU-2026-CS-000162,Janis Lapsa,Applied Computer Science,2026-07-23,cert_RTU-2026-CS-000162.pdf,1397,4f6e5b7fd8b859e195155229e4cb70213db9a0517a0f6dd3c708c6c9e8b26ea2,6fe1e2c836aa04e4e00a463603416ac4e62f5ba28de06c96a63a13157f1b1d03
163,RTU-2026-CS-000163,Sofia Costa,Electronics,2026-08-24,cert_RTU-2026-CS-000163.pdf,1369,a88dcf410b0314007d681540d117ca6af5e1fb4394e69de4600c97cf02a28d39,f5a04314dc0963e1369981e38f51ecedd249bc3d1dd27bba5882bb0b59235837
164,RTU-2026-CS-000164,Marko Meyer,Telecommunications,2026-09-25,cert_RTU-2026-CS-000164.pdf,1385,7914219e4277af318ddafb8044a0b682d5d3c6d2c7c01f2eadd2c551305c14d4,d7526b1d8e5aebea0ee27a4e9f5b3f0df8b572713e1c3a16a04d9d2a195f0d2e
165,RTU-2026-CS-000165,Liga Zarina,Computer Systems,2026-10-26,cert_RTU-2026-CS-000165.pdf,1394,ec04fb27f91686e2c2a31a611f1145c559a8ec30be6e4b525a415fed361946ae,88397a1ab1e88846c6832050735b36ccc0cf24dc8998e4b613df8a68da8bed3c
166,RTU-2026-CS-000166,Andris Turan,Information Technology,2026-11-27,cert_RTU-2026-CS-000166.pdf,1394,0bad7adc4be9a2e7008acc1b1567c693dccc569b787411f48ff9eb3ce71328ac,ddb8db1fa5d250b0f278e8d13966afb9fd4d2f4c8a8b9c57de9827ba0ea77698
167,RTU-2026-CS-000167,Yuki Berzina,Applied Computer Science,2026-12-28,cert_RTU-2026-CS-000167.pdf,1388,22422e161247828903839c07f3846bd4894808c27474757869a22282d5cfbce2,0d1a11cd33edfaff867a567ecb77244d1911b20d64769d4700d59130d398e704
168,RTU-2026-CS-000168,Omar Ozols,Electronics,2026-01-01,cert_RTU-2026-CS-000168.pdf,1369,20df09774301dc26fe0a30de4fb84c7366fe7daf93af9a93bea3cd5643804a2b,a71132db71d0259bd1ad173d2ef82f55d1c5cde8581a9f3884e34887b77afb86
169,RTU-2026-CS-000169,Anna Kalnina,Telecommunications,2026-02-02,cert_RTU-2026-CS-000169.pdf,1391,d50f455cfdb9502daf913a8cb7c39bf112ab90598f0b4a2973a1298fb9fc80f5,a94b6f2c213c6b8ccbf1e7e3cedb7f4d827873b36484f1490bb092dfd1533809
170,RTU-2026-CS-000170,Pavel Petrov,Computer Systems,2026-03-03,cert_RTU-2026-CS-000170.pdf,1389,aa201da644cfa51779121fade74210049caf666dc194948423c8c79ae7401a20,0ece6ee5faab975d09ea624e9c9b7928ebb45988a3f6d3c5c6f225c2b0e4d1f5
171,RTU-2026-CS-000171,Nadia Liepa,Information Technology,2026-04-04,cert_RTU-2026-CS-000171.pdf,1383,adc56bddce7df25837009ff390c8161bd05e5911e8dbd513deb797359636d782,cb1b747144620e291c23a209b979b227eaccedec168801efb600c7c8acc351cf
172,RTU-2026-CS-000172,Tomas Vitols,Applied Computer Science,2026-05-05,cert_RTU-2026-CS-000172.pdf,1387,7fe6196848f9f6d2adefae931754f937e71516fcc671888405cf35defc806c5f,9d63fa480342aedfbd77aec2406a1b81d3bd87938f63cce534775084fd692441
173,RTU-2026-CS-000173,Ines Tanaka,Electronics,2026-06-06,cert_RTU-2026-CS-000173.pdf,1382,441f93f62838f67fd9dea4bad0180bb6c41a2f9ecb9e52aba6e7227188a399f3,2c66c30ea96737ea5fc203c5adde97cdcab933159564b36d642a338cfed8576f
174,RTU-2026-CS-000174,Karl Haddad,Telecommunications,2026-07-07,cert_RTU-2026-CS-000174.pdf,1389,14d550cbd7d8f8992cb21f0b603396be3d0d381cb1046e30c78095a4e7d00d8c,8030795300a39a40ae6ae2e4d85cf8c42b0f87e78ca10dea4a054f4a3a8a90b6
175,RTU-2026-CS-000175,Rita Novak,Computer Systems,2026-08-08,cert_RTU-2026-CS-000175.pdf,1383,d40a6c966cef476035fd7b88cba9cc6b16c9f1525fe212c4a67e5d798141172c,1e6e2cd797a73b5e217243e8c939f3f5b9ab97196471346e79f4c141c00a0db8
176,RTU-2026-CS-000176,Hasan Saar,Information Technology,2026-09-09,cert_RTU-2026-CS-000176.pdf,1380,fc084aa0c0c9acb3a8caed42abf1fd9d833b4960cd357ae8372c7d30ac0ac6cd,623d7fb294f0e1bbecead105f33f4acd29c1315f659f28030b2f8e45ff27e7ae
177,RTU-2026-CS-000177,Elina Lapsa,Applied Computer Science,2026-10-10,cert_RTU-2026-CS-000177.pdf,1399,023cdad418deeadd9d24dc46e27511c0ade234cb981f754494a10e22e4f87c97,cdc5b6ea199f60c1b2051929313088eefe374fafd3dc5b6df88b2b000b9d48f4
178,RTU-2026-CS-000178,Janis Costa,Electronics,2026-11-11,cert_RTU-2026-CS-000178.pdf,1376,c9da4d242e1496cf105630d68918c1dbccd08552da2216125b3cba42b0ac8d85,b23c5560c78bffa8c2c08d15fdee4d8d1685181907da93c2e824d8b1d931e639
179,RTU-2026-CS-000179,Sofia Meyer,Telecommunications,2026-12-12,cert_RTU-2026-CS-000179.pdf,1380,a07650bc49f33542f708eb4ee94de6fcaeb9478a4a4f05c9e971124f1231c6d5,3af33d5640e5b217f389a8858cc4bbf4707579a3899e5095a1a3581bc008172a
180,RTU-2026-CS-000180,Marko Zarina,Computer Systems,2026-01-13,cert_RTU-2026-CS-000180.pdf,1389,048632d8c4be81d21995b85f35f8985014d6da4a848a2795d69ce54ae136e303,5ce8fbab1fdbd3936e6354b0f6a0f67e810d0fbbf68a81664197315e8deab219
181,RTU-2026-CS-000181,Liga Turan,Information Technology,2026-02-14,cert_RTU-2026-CS-000181.pdf,1397,33d63c41395cdc4461a339cdbaff98238c697039b897f49ec744c1b11756b64e,a524641a0a5c6791bbd09593a9d4e1723bdae34f428cf020367272c7f9a63f35
182,RTU-2026-CS-000182,Andris Berzina,Applied Computer Science,2026-03-15,cert_RTU-2026-CS-000182.pdf,1399,d925351fb3d0641b1e2c3188304f58cbf5824bc46cc73455ea5234b2d0b853b0,70170a5a5585d413d0e125ebe81e474735403062c0b9c17ccc6f064ee9117b91
183,RTU-2026-CS-000183,Yuki Ozols,Electronics,2026-04-16,cert_RTU-2026-CS-000183.pdf,1371,f6966d3f8f0be839eedd50b0f05e8f44b440b42a4620783ffb7ac1aa0ffdaa52,e35902e56318d25b5edb1245a80b4ec4f079531e96a633c605cf5925f48770a8
184,RTU-2026-CS-000184,Omar Kalnina,Telecommunications,2026-05-17,cert_RTU-2026-CS-000184.pdf,1386,82ce733826357853f40aab28f89f84299ea9f9e63231f0e8e79d19f5e1efd25a,6c3bc29308f5aeee696bf81a032c0b68f95f1c8879b0ded33e16852be6d75af7
185,RTU-2026-CS-000185,Anna Petrov,Computer Systems,2026-06-18,cert_RTU-2026-CS-000185.pdf,1398,12cc43aa3b3198c86da02861a210bc0e7af7c4cc93d40e31b2377d88b093c349,b3d3623dcc9eab5fcf0915e8a36964d6af6ed0822952adaf3255192e352e6f71
186,RTU-2026-CS-000186,Pavel Liepa,Information Technology,2026-07-19,cert_RTU-2026-CS-000186.pdf,1393,22ee5b21fdc5aca0babea1da0a9e54f783cbe40f37e214749062ee4c65b39988,6d5ae856a1f3d230ee21cbc8a373f6c00998cb4d486cb7e3f8c78c88f51938e5
187,RTU-2026-CS-000187,Nadia Vitols,Applied Computer Science,2026-08-20,cert_RTU-2026-CS-000187.pdf,1389,b99094aa90ce40021e103b83e6dc3a10e327c16405377cd680488df6e58935a3,9a53bcc0a5613f36152f09a415ed295fdb1974e7ffac79af3094833282afdd09
188,RTU-2026-CS-000188,Tomas Tanaka,Electronics,2026-09-21,cert_RTU-2026-CS-000188.pdf,1371,95f438dc70c9679826b4ba71d51f50ca78f6d1470213e722e9a8391731ff76f2,449b29792f6301485d44806cbdde448a15e11def2cd5b3237c11bda691f96f22
189,RTU-2026-CS-000189,Ines Haddad,Telecommunications,2026-10-22,cert_RTU-2026-CS-000189.pdf,1394,59d80be1353367b77c79e6a1dfb8abf32a11e198369b5ee3a23038b05918703b,95772129e3c889cb785e4d2c8345d203bd864a608248966e2427cd9ff32f357c
190,RTU-2026-CS-000190,Karl Novak,Computer Systems,2026-11-23,cert_RTU-2026-CS-000190.pdf,1392,e629f7202cda956b9b1a642f8dfe858eb8f733827310e821cc18a0744661fccd,36d4d8b58d5b78a867a48533030fb6724a73d985b272be1cc0c5d31715b98b7f
191,RTU-2026-CS-000191,Rita Kowalski,Information Technology,2026-12-24,cert_RTU-2026-CS-000191.pdf,1389,f5507908139cea16ad6d676a87460a472b54f31666a83816b4d76355618cb1af,430cca0deadcd38c4c23f6f6250a794249295b4b12a647d83acb257bc068b14d
192,RTU-2026-CS-000192,Hasan Lapsa,Applied Computer Science,2026-01-25,cert_RTU-2026-CS-000192.pdf,1389,91bb9f4bce155ae056ea1aac288adff8dcc3a33711123dd691e92352d4a5855f,b0e3869f770596276a1e2ca859fdc4ef9cd827b9c63917d098696f1f510fdeff
193,RTU-2026-CS-000193,Elina Costa,Electronics,2026-02-26,cert_RTU-2026-CS-000193.pdf,1383,f755e6aa595fcfbdb5ef4a2fbd5a3de457438aeaa01b1b9eee356ad2891952f7,57ab3e8d36ce1f78f0ff2d36aecbac750e47dffd8d0de2050f3b2dd73d2e7c8a
194,RTU-2026-CS-000194,Janis Meyer,Telecommunications,2026-03-27,cert_RTU-2026-CS-000194.pdf,1392,0e6d2e92fa7fb96fdf88b74854198e6111b6f9bbe6ad8cb0cc8392ec098aa30a,db54aa40cddcceb6da87c0582cba85a6d1a6f2507d17a0219b5f10d51821c1af
195,RTU-2026-CS-000195,Sofia Zarina,Computer Systems,2026-04-28,cert_RTU-2026-CS-000195.pdf,1385,0e6990fd6c3e5385cc4e5391f6d97d08f7f63c4b9b1d416225ab4425789eea0f,f6ef834d57644c70c371deda45cf955613d4011c4359e89e63972a9b76184084
196,RTU-2026-CS-000196,Marko Turan,Information Technology,2026-05-01,cert_RTU-2026-CS-000196.pdf,1386,b6f1994bd8752cf2e7426fd646806aac45ad60cc1699ef2c2afc42f8691307e4,fd9f66e454e5067e46d3a945ac975e1a219d1366eb8b195ef1337de4e0087dd2
197,RTU-2026-CS-000197,Liga Berzina,Applied Computer Science,2026-06-02,cert_RTU-2026-CS-000197.pdf,1401,15b824cdf73633142e39a226259d66382ce0dc753e6fdbdde79f3134c20a605d,4ccc0fbd58fef39ceb2cc7f0c2188fa65a5450c8e8be574d60e2954c732e64f2
198,RTU-2026-CS-000198,Andris Ozols,Electronics,2026-07-03,cert_RTU-2026-CS-000198.pdf,1377,b4c5ededc047d7ab1554f68b5751fd847779073e5145fc1c231e2d1de651f1ca,90601a20a6cbdd5d96a6d46a651ef17d4cdb7ed7b1c7b4f8ed2e95cefb691b70
199,RTU-2026-CS-000199,Yuki Kalnina,Telecommunications,2026-08-04,cert_RTU-2026-CS-000199.pdf,1383,6341dec343b405e259e2e57ebc43e2c1fa49e56b5cd6247747bd853352f1b02c,f5f3151eaf5c3f973366b9968818e08c6f81a418f7483c3d98633aaa3841113c
200,RTU-2026-CS-000200,Omar Petrov,Computer Systems,2026-09-05,cert_RTU-2026-CS-000200.pdf,1384,66c92620223e8eb95fa69c5524c15d7be8fe8af6c359a30b5f903c4da0fa6a38,bad68baaaa304818285fa0af5092096ef2d30084e86ceca46ba8ed9897edf3bf
201,RTU-2026-CS-000201,Anna Liepa,Information Technology,2026-10-06,cert_RTU-2026-CS-000201.pdf,1394,be0f588af0da6827012d629ccdfe903a2e5cf266768ab657e98244a41c994274,5ea52582d91a09b6867da59cc3998ab4890ef67f8a81f1ac378c301c6826550a
202,RTU-2026-CS-000202,Pavel Vitols,Applied Computer Science,2026-11-07,cert_RTU-2026-CS-000202.pdf,1395,3c28ab1718c0d7f67d54cc2f329e23e6e9254d41b3cbbe89789c420957a2deac,b0ed13cb62f37f9db79f06143a3fb6fab2b8dfec6bd43f4b417ecb5b0df4707f
203,RTU-2026-CS-000203,Nadia Tanaka,Electronics,2026-12-08,cert_RTU-2026-CS-000203.pdf,1369,0f0b32e448471be77f815fb56d4b25260dc8531c7d8f5c5c3e6f1553ea92c110,7f410ce6c50d193ef1342bf3f7993a4804230384016723e41c01448d69971473
204,RTU-2026-CS-000204,Tomas Haddad,Telecommunications,2026-01-09,cert_RTU-2026-CS-000204.pdf,1381,bab9da8da792c00d8aa0fe9716138a1254d112d37cd22722f2942cb6cdfb6e68,c32ffdbc6f39e2f187ed1354a414d5f2bce53ec902b0afc033dc5266892e33cb
205,RTU-2026-CS-000205,Ines Novak,Computer Systems,2026-02-10,cert_RTU-2026-CS-000205.pdf,1396,fa7bd177421837beabe5c279fe801edafb69e62ed6a6a7ec1e828ed24686e920,495a2b7b3b08d9ab3fb5e3ce89496a75917e6e30ead3bb6a98da5b039bef6d84
206,RTU-2026-CS-000206,Karl Kowalski,Information Technology,2026-03-11,cert_RTU-2026-CS-000206.pdf,1395,43a939285bbb8735904ea4a84ca9433b6b9b8ad6f9eb297e5d3d221ac8bcded1,3c4b7dac0ee6176e8dee597642a21b91c9681039bfcf5d19329fc4b6bf5b149d
207,RTU-2026-CS-000207,Rita Saar,Applied Computer Science,2026-04-12,cert_RTU-2026-CS-000207.pdf,1386,3b0aa523a465c648dbce4929275b206f1fa62f481b32768cbd5efe1e94acac02,69107fa03f00fed52ad0fbc66185a993d78e364f073a1c3adcf87be2b94fa728
208,RTU-2026-CS-000208,Hasan Costa,Electronics,2026-05-13,cert_RTU-2026-CS-000208.pdf,1370,4d2907e462baa6477aaedb3ca1ecd82456ef0f40ec7ea06a37cc236008dbe019,e4be42572bae856aa7ff473109c6e70ba8f2029dfa871e688dabfc0a99f1c543
209,RTU-2026-CS-000209,Elina Meyer,Telecommunications,2026-06-14,cert_RTU-2026-CS-000209.pdf,1393,1ed32db824bfebddb2167ae50dc94f89e450f8b7deee7ca66d5b341b428f2e1f,b4fcbc8579f349bb80d4ee6afa86843eb8585b9373c73fc74ba05257c00ffef1
210,RTU-2026-CS-000210,Janis Zarina,Computer Systems,2026-07-15,cert_RTU-2026-CS-000210.pdf,1393,4e4c7019e8fde14778f8c0576746a1c81c48805c318c82f7d2655f3e11be2dc0,62546ea18256e35ed24f08ac4e91edad3207ad74aba4844b03d324bc9387f73b
211,RTU-2026-CS-000211,Sofia Turan,Information Technology,2026-08-16,cert_RTU-2026-CS-000211.pdf,1383,66d4fcdd1c4d7704ef6946d3e153d5d0d32b83578ecefb2957738e08e5a0035c,5d08bf4e8a37e30328836bc6ae5af74561c02faca50fa41c2a177dc9fd2b4399
212,RTU-2026-CS-000212,Marko Berzina,Applied Computer Science,2026-09-17,cert_RTU-2026-CS-000212.pdf,1393,890f850e5b98c9ce0c2de65a1bc4c5130c28ee7b1c3d3520b9554170eca85c4b,c4b72cdb96e627c2b85184008dbba024d0e34899ecedbcf66462d3ef8c8f4ef2
213,RTU-2026-CS-000213,Liga Ozols,Electronics,2026-10-18,cert_RTU-2026-CS-000213.pdf,1379,14142e869e94b60773b430d3ac1c332a1fd5217f9447a0cf7c3871fc85b3814a,d6120f7d239b726fd0fd7e64aa27845298fe6841aa2b7cfba1ca500bdfb346cb
214,RTU-2026-CS-000214,Andris Kalnina,Telecommunications,2026-11-19,cert_RTU-2026-CS-000214.pdf,1393,ba9d56d3d77e8596e2ac16fec910e237ab0bcb10899c258c590ca409b5c36c38,5bd668e8516903146b90ef4df25ab977a5c10d0c387f1db2339c1c299919b15f
215,RTU-2026-CS-000215,Yuki Petrov,Computer Systems,2026-12-20,cert_RTU-2026-CS-000215.pdf,1384,4b9c7dfe8cf1bac9c6db5caa7ae92cd1cd8d5ee6b8c84f1e48e3f87b8ec7cbc0,a148dc2ea3b94cdd1d1594ecd0c0ad141bb85977d48cc3ce9513b102e59e469b
216,RTU-2026-CS-000216,Omar Liepa,Information Technology,2026-01-21,cert_RTU-2026-CS-000216.pdf,1383,ea3d05f3d6db7ef9e629ab47affcb25b27bf62bc4e4f7ac4b7aaf1c150dd8f29,0f4096e4f816d0767e16b5130950469b5a1edfb2824cd73e1b1c19e65ab41249
217,RTU-2026-CS-000217,Anna Vitols,Applied Computer Science,2026-02-22,cert_RTU-2026-CS-000217.pdf,1400,4eddbaeb7baeb38e57369b5c384b23335c79f6c8b0e0e3f22610a14bb5452bd9,993f427a0045330d2604663bb8b03a4955ec7a2892b932a38e14d40999a3331c
218,RTU-2026-CS-000218,Pavel Tanaka,Electronics,2026-03-23,cert_RTU-2026-CS-000218.pdf,1377,5136dd1dda3b63a7c9fba0d9047166251afdba391033862feabe8c7bffac2090,8303e29d07210635550e444b6dcbb516abc9116a3e2b0d22610db465115f3320
219,RTU-2026-CS-000219,Nadia Haddad,Telecommunications,2026-04-24,cert_RTU-2026-CS-000219.pdf,1383,be5d3c2fc87859bb49266fbd4069cb69d9464577af6d79ba848bdf19c3d0f700,b1e196128f6787fa33f2a3247b81af5c64bdf37e39ddaaafd177e7ee0e480a9a
220,RTU-2026-CS-000220,Tomas Novak,Computer Systems,2026-05-25,cert_RTU-2026-CS-000220.pdf,1385,b4c0b4f1a054fb7bc7a17da10bcab42457e5def82498a2491dd4a7392728b31e,b0fbb962376d80978899e54401ebf4267640ebc7594ef072c2e43d9a1b5f45a5
221,RTU-2026-CS-000221,Ines Kowalski,Information Technology,2026-06-26,cert_RTU-2026-CS-000221.pdf,1394,9a96cdae8632021d87965760474dc0be111cee7774d08ab62e9c63d67b3af3bc,34270755e78e5d91c01a7aea0b09dab6f00b48479ca4f639cd8efeeb33b4745e
222,RTU-2026-CS-000222,Karl Saar,Applied Computer Science,2026-07-27,cert_RTU-2026-CS-000222.pdf,1390,175b7b2d60a49f0c5a3e973bb00d63e828211df2916eba7a23559539338472c0,3aa9aeab4a831d824becc8d424e9e6cc69f27d53d77b231fd6468261e35f45d6
223,RTU-2026-CS-000223,Rita Lapsa,Electronics,2026-08-28,cert_RTU-2026-CS-000223.pdf,1367,3f7d2fe95c381f276236068003a4733793929050f230bf21f552c849ea3c04c0,33b64ebe15d75625a04bf983007384ecd0d51c2fa428ab38f50f838847dfb711
224,RTU-2026-CS-000224,Hasan Meyer,Telecommunications,2026-09-01,cert_RTU-2026-CS-000224.pdf,1384,4f490eed54425cb9ce5399ccf886602aa1e58d6585b20c056ebca9416b3bbfb2,6ef62467b5b86099272a995afca8e80ee8de54c042315e3190020e853755e3fe
225,RTU-2026-CS-000225,Elina Zarina,Computer Systems,2026-10-02,cert_RTU-2026-CS-000225.pdf,1394,19c2898d236025a8790a9d092f82b39e03969d72ceb93dc6ba673c1096d906fa,f31c6ece65c5fbb58b890d258d7e009c02afdbd65567efdacac99f4ac2604cba
226,RTU-2026-CS-000226,Janis Turan,Information Technology,2026-11-03,cert_RTU-2026-CS-000226.pdf,1394,cf2470a829844ab40f2b6446a12466df5f00dfcc0b89492e561c6a6e3f527e30,d53059770b2098c6d9f241c9a82f2a9bb7962987701e37e2964a85fa7b8dda45
227,RTU-2026-CS-000227,Sofia Berzina,Applied Computer Science,2026-12-04,cert_RTU-2026-CS-000227.pdf,1391,25d523807943e2f55142859ab684b2e6f75cc1840ff3a2c564e811bbe59c54c1,f62a739e5759bfe2688c4e4eccb5e5f6b45cae098a6d0e66bf3f90b065eb0f6d
228,RTU-2026-CS-000228,Marko Ozols,Electronics,2026-01-05,cert_RTU-2026-CS-000228.pdf,1373,d7fb7938f056af756efd91f5b18184a13fe6c7bc8c5c7bb6a4e190af3adbb152,9abc73c7d2ead5cd6e31915d9853d93dd46452d82165afc98d77c4f841bd53e3
229,RTU-2026-CS-000229,Liga Kalnina,Telecommunications,2026-02-06,cert_RTU-2026-CS-000229.pdf,1391,423b65dbd095e2a42d6a5767a32f0a7c725a86eb5c544a366cdc2473f3091964,fba41e259bf93e97a7321bad16a9aeef5f668ae059a9f7d9cbb1aabdd4e092a6
230,RTU-2026-CS-000230,Andris Petrov,Computer Systems,2026-03-07,cert_RTU-2026-CS-000230.pdf,1392,09f2c3fe24e2e6d981a215ad4b9cbeef5bf2687740f8a7d838b2996a78ff06bf,56ed3c441d16f9f49563bed0c92fa875094dfe40082c50444cb2fa582d4c57c2
231,RTU-2026-CS-000231,Yuki Liepa,Information Technology,2026-04-08,cert_RTU-2026-CS-000231.pdf,1384,574be06c1919936ec93f66be3a9ea209b555e36efcf53d87a37888a2f249e828,0edacb72900adeab3df9923eb2ebad8b18136de11100385235b98eb842abfd56
232,RTU-2026-CS-000232,Omar Vitols,Applied Computer Science,2026-05-09,cert_RTU-2026-CS-000232.pdf,1390,9b2cbf680f8d8d1e2d07352f17d9475877df62d345f3b68d28bc2140830cf926,a4722cc4f34d2cba3e2c38e9355c454b50d548059b7caf1d30a94c40b33ff7d8
233,RTU-2026-CS-000233,Anna Tanaka,Electronics,2026-06-10,cert_RTU-2026-CS-000233.pdf,1382,826db628dfdc4ae56d874246bb5aaf6cd761e8807c5ccf43679c31f89a2635f7,738ba239396155d06dab9435ea23e0c319c2673464295431532d2919d1e1451a
234,RTU-2026-CS-000234,Pavel Haddad,Telecommunications,2026-07-11,cert_RTU-2026-CS-000234.pdf,1394,2064aca44bce0691ba3c92492cb45837ef422e04106eea80486c6b9d70198312,b9df3b3f445260b1f4896a5315f608d58167d2d733ad7e3833627784301b8982
235,RTU-2026-CS-000235,Nadia Novak,Computer Systems,2026-08-12,cert_RTU-2026-CS-000235.pdf,1385,a60f798b0774b9f31a7078a54eda58b983e004dbef06c039d3283df6a11b74f3,3298c91f49e69825fcd2da7530048b2c3a05dbf85f980dac3b95b9d094df888f
236,RTU-2026-CS-000236,Tomas Kowalski,Information Technology,2026-09-13,cert_RTU-2026-CS-000236.pdf,1386,7cf68599d4fc94e767847e3c9267a37b56d9af971349812c0794c51e038780df,f73abc38276ebf439f6cfbd7d9586c8da8ed6e66eab8d562c805e1649aeabc67
237,RTU-2026-CS-000237,Ines Saar,Applied Computer Science,2026-10-14,cert_RTU-2026-CS-000237.pdf,1398,264cf5b0404ff7e35c83e506aa2b84c595b0dc89dcd2e4b3732ccf2b54f17e9c,e1cdd055cc8de3e4c3abb707db94cdd6f8c04c589ba9481e9f0da6c36ab80b31
238,RTU-2026-CS-000238,Karl Lapsa,Electronics,2026-11-15,cert_RTU-2026-CS-000238.pdf,1378,5c8bde512174377d993b00c93832bf3365b0c57104a70d9bf54782566e50f3e7,3531d34443bd830aa8747902c685d44546b244772142660447cc5db2ec1ab74e
239,RTU-2026-CS-000239,Rita Costa,Telecommunications,2026-12-16,cert_RTU-2026-CS-000239.pdf,1381,aef34b49255f59727da396eeba367432a7d5460825316e2368bc1894c96d9fcd,728f57be0846a61a776a7f76f73e26eba29d13231e27fc6197e3541d73e140c1
240,RTU-2026-CS-000240,Hasan Zarina,Computer Systems,2026-01-17,cert_RTU-2026-CS-000240.pdf,1391,e3a2e679a305a8a5422215577865e404f76966e155cea78e51e63b11871a584c,e157dec06d3ae39d55654de1de13979af63179cccbe1e2ae6444f6f0117406d3
241,RTU-2026-CS-000241,Elina Turan,Information Technology,2026-02-18,cert_RTU-2026-CS-000241.pdf,1396,b5ba135cca311aa0ed07734cd74128c05e0a4b72a4a97f9421e8127a8fd7afd2,37cf3623581f8021d2977a5d3aa0fb481035888ff220356094568792a4d64307
242,RTU-2026-CS-000242,Janis Berzina,Applied Computer Science,2026-03-19,cert_RTU-2026-CS-000242.pdf,1400,f594470ca10dce59d086acf58c179586830eba80c4c614794a4638d2c6c03e55,d61872e4af4d806fa6b1248256dfddb63eaa3b1bce399f7209788c0a31dc4afa
243,RTU-2026-CS-000243,Sofia Ozols,Electronics,2026-04-20,cert_RTU-2026-CS-000243.pdf,1370,ec5f83212983b4467f495109a5ab0086c52933c4e4a0a2abb39c51d8877cdf69,62df36654e7bee69e26675316d629d4e020fc1c6328434b8136d7a43a4ad3982
244,RTU-2026-CS-000244,Marko Kalnina,Telecommunications,2026-05-21,cert_RTU-2026-CS-000244.pdf,1388,d6f2c4a275746d2d0f63b4ae338684e73c14887c4c585df7eae625d818782e7d,6e475ab9b1a2bbae4084b9f5bfe857bd696ccbe6d27f3d6bc2a6e0df2662bb2a
245,RTU-2026-CS-000245,Liga Petrov,Computer Systems,2026-06-22,cert_RTU-2026-CS-000245.pdf,1396,c26ba38604f20ef9a05fe91d734c11da21e551a84f0d0d2093f7e05b8f43ed7a,54ff07a8087c3e126aa9d9593fd35011f4be4d7f01ad722fca10f66c0f24c81d
246,RTU-2026-CS-000246,Andris Liepa,Information Technology,2026-07-23,cert_RTU-2026-CS-000246.pdf,1394,a01d10fbc6c87bbdc416bdfb3c30294f645dc13f06aff453f6bfb10985b4c112,c3a5de451c450e8035baa1a7e4153e1792e6b26d9194711cc312b93d2a92bc55
247,RTU-2026-CS-000247,Yuki Vitols,Applied Computer Science,2026-08-24,cert_RTU-2026-CS-000247.pdf,1389,1a0cf82f0fea6aab94b2319a89135b664faa3e8c9c1121919c917802fb5e3eed,3e2ba0ca85afe06c7b769ae06472a61410da47a075964f851891a16c0fcca6d8
248,RTU-2026-CS-000248,Omar Tanaka,Electronics,2026-09-25,cert_RTU-2026-CS-000248.pdf,1374,6727d669c322967512004912350ffcf31c173f73a2916c03145a821010ca417c,4a70f6061594c9d7fc354db1132c5dccf6ce1b6fbe28cd5d707b7746569fe9eb
249,RTU-2026-CS-000249,Anna Haddad,Telecommunications,2026-10-26,cert_RTU-2026-CS-000249.pdf,1392,73fb12a2937deb01b40ad62360b2be0c499d0078f0cb5f23a11afede67f2f27a,0c1c11d8e46a1ead53e75d22db0509013074866840c7a2f3ed954cd54565328a
250,RTU-2026-CS-000250,Pavel Novak,Computer Systems,2026-11-27,cert_RTU-2026-CS-000250.pdf,1393,3fa98af83a1912038f2621474ed1fd6ce149cfab683c87abdcceb850f4d415c8,c99f07c1fd4a078bd7f6cdaf968439a9f38e61e3e24a984c30dee99a2a8d203c
251,RTU-2026-CS-000251,Nadia Kowalski,Information Technology,2026-12-28,cert_RTU-2026-CS-000251.pdf,1390,3d7c00bfe184384e8ffa5d1475c73f33807521bb2cd352c95f323c560943b02b,3dca6929fa6aacba207195f214ce3bdb42c64fff8a569f167e3bab674fd176b8
252,RTU-2026-CS-000252,Tomas Saar,Applied Computer Science,2026-01-01,cert_RTU-2026-CS-000252.pdf,1387,f519628cc4790fac599adb4bb226fcf8939b528d51c6f064c04a9e3b10a1d2fc,0321be31b0f7c269a29419372df1e948a4546a14dfa26afea4d76ea2103e8990
253,RTU-2026-CS-000253,Ines Lapsa,Electronics,2026-02-02,cert_RTU-2026-CS-000253.pdf,1380,d93f1352d18b2ff8cba05a1ff802ab9544732af3084ac26221621ae8868506ed,53f30a7b744f61408682c4970ec6cc49d1fa1b955478592843465fc06522070e
254,RTU-2026-CS-000254,Karl Costa,Telecommunications,2026-03-03,cert_RTU-2026-CS-000254.pdf,1392,845a55ed80c336b4cee88a7a1adf137c3fa698e4e28d8b941c9fd4b6f0f304a9,0f7d0953fab8fbe750b712b77875bbf0ae7b82ab0882dca038b883ef42c6a27b
255,RTU-2026-CS-000255,Rita Meyer,Computer Systems,2026-04-04,cert_RTU-2026-CS-000255.pdf,1383,c60256de2b1d784d161bb0200373d6813f74ab86c7216fabe5e0ba4bf639801d,5db482af98e58e8c39abebfc647f90207259f44f09366b4c635e059ee99d2f4e
256,RTU-2026-CS-000256,Hasan Turan,Information Technology,2026-05-05,cert_RTU-2026-CS-000256.pdf,1386,713f026af8372b22639df4cdab6321ca6eecbdb2803e58f3a4f15d9595ea3352,1bb9453297f0d8cc5ec21e3e96fa043502b9fd08998e65a6d0c5da1637d28654
257,RTU-2026-CS-000257,Elina Berzina,Applied Computer Science,2026-06-06,cert_RTU-2026-CS-000257.pdf,1400,5c8668649782dd9f3d24d84440db6226f9990bb8fb6a3891c96c9e897a8e0f24,f7c95223820913b0d41a684091ac46ce4679ef3f80de88c082f47b92ddbb5552
258,RTU-2026-CS-000258,Janis Ozols,Electronics,2026-07-07,cert_RTU-2026-CS-000258.pdf,1379,b18c6ff3c5261e38df14d729dd2b9c378a4801c6773f333f5b304a2ddfde8f75,a32372f5bd458e5852364c6189825d9e5eacfd2c9c47a21ca09459bb533a5fbd
259,RTU-2026-CS-000259,Sofia Kalnina,Telecommunications,2026-08-08,cert_RTU-2026-CS-000259.pdf,1385,6d4b4b97518ecdaa63b69b926cb39a860f71b9557612869000a2a5e18ec8bf61,1c59bd07f64d9f158708622b7b6fa4632270cdab3d8703241807e423291d15f8
260,RTU-2026-CS-000260,Marko Petrov,Computer Systems,2026-09-09,cert_RTU-2026-CS-000260.pdf,1385,92c85c59866ce47797421f94bb00dcd8258f89063c576258516a3181d3d47f2a,b69ab8a7411d425a48221e0461045ab83d9fa8ab9052f2ef5bcf608ce25ee7cd
261,RTU-2026-CS-000261,Liga Liepa,Information Technology,2026-10-10,cert_RTU-2026-CS-000261.pdf,1391,5a10c79d6d099a8edbc1109f1adf89dee66c6a811797280f533b76b37815fcee,496f097ca2a6e41b1661e20bc66d09ef26aeaef0adfdb062ac2318d67ab3e9fa
262,RTU-2026-CS-000262,Andris Vitols,Applied Computer Science,2026-11-11,cert_RTU-2026-CS-000262.pdf,1397,f95f58917b087631f1fcccff9ab222749ab7cfeabc9defc3c2602ea6fd24719e,a76d80a530dc7fe1ef3312504d0e8b1e94bf285bb3fd9bde1267d4be42ccce5d
263,RTU-2026-CS-000263,Yuki Tanaka,Electronics,2026-12-12,cert_RTU-2026-CS-000263.pdf,1369,9b6e733e11a26b27937cb1958aeef01c6e63b8f9b25e5f09e33fa6eb48b74fe0,b78ea1b4d82bd065395945fc1856e5572aade3de7258588d5aedf23ebb9e7806
264,RTU-2026-CS-000264,Omar Haddad,Telecommunications,2026-01-13,cert_RTU-2026-CS-000264.pdf,1383,0c41cc34e65ec1a0bfd203837cdc7e9aee1761d1335b6153de5a1013969b8d78,d8742ef209ae46b333e2043fcb42aecb59cd51163cec97da9cf5e7519c6d1446
265,RTU-2026-CS-000265,Anna Novak,Computer Systems,2026-02-14,cert_RTU-2026-CS-000265.pdf,1399,812c62611c00c09b89b831209ff5a828aa3a1b69e6f9e3c8f2cb206f15a5db44,b499820c0cfbc338707d4ff990b484cfa53917bddf39af3135215b583253c916
266,RTU-2026-CS-000266,Pavel Kowalski,Information Technology,2026-03-15,cert_RTU-2026-CS-000266.pdf,1396,164888c872c7b52bf2dcc059282a374cd8402748a02c07a8bd1bdc0b58f3e0d2,e8ef04d30bc5151642d4e0bdbe8d60e1a44442fd5081035f09c8fc6996032d0b
267,RTU-2026-CS-000267,Nadia Saar,Applied Computer Science,2026-04-16,cert_RTU-2026-CS-000267.pdf,1386,a5bbb76a8bd4a58004936467cb88b4b75424751ea34f2a241fe538db2db17eb7,1b0e9efb23fd37e3122f4bfdd65f58dac4aad467650d5998c8715abde4da674b
268,RTU-2026-CS-000268,Tomas Lapsa,Electronics,2026-05-17,cert_RTU-2026-CS-000268.pdf,1372,2b67c65819c7c86bb61861b0f61937512732ac717661b89e566eb52f0dca671b,d545ac975447ef24c2222914375971ab01c36cde7ec24e3e3f14868f930ce6ce
269,RTU-2026-CS-000269,Ines Costa,Telecommunications,2026-06-18,cert_RTU-2026-CS-000269.pdf,1392,cd8475d31de05d56cfc2909b922a6ddd152bf83c91a2f0f3c347cd0393ac8fcf,e734034b6887527199156240ace786103d8fe7e282dfcd4ca872d78e64a97379
270,RTU-2026-CS-000270,Karl Meyer,Computer Systems,2026-07-19,cert_RTU-2026-CS-000270.pdf,1392,941efecaa62974af5189239c2fc3fd9941c233c4d6076e0b75f28a5aeec6dd07,40330fbec9a9a36064f4fbfcb42260db13866a7a317c7c0eb8d21f6660682c2e
271,RTU-2026-CS-000271,Rita Zarina,Information Technology,2026-08-20,cert_RTU-2026-CS-000271.pdf,1384,9051cb85a362cd4e04fd358e7fc6a0732ae961906386d98e1082130822e76284,45cc3428db14e4fe0cf13a8dde8c98875194d650689df53f7769d7743c596987
272,RTU-2026-CS-000272,Hasan Berzina,Applied Computer Science,2026-09-21,cert_RTU-2026-CS-000272.pdf,1392,08355c7a110f4df3a0dfd4396530378b2ea6f6d7d9b8e3fccca353e87a88a30d,055b79a444c49f66bbeaecccb20861f78d303e1693c5ad5676cf909bc64e0188
273,RTU-2026-CS-000273,Elina Ozols,Electronics,2026-10-22,cert_RTU-2026-CS-000273.pdf,1385,bc15b38e21d41cf090ba35d4859366ed0237cce577a547e0a60d1634e8190702,5a52c4413d7d2484557e8edd629ef09aa1792c23bc72e6f6238045473edcd102
274,RTU-2026-CS-000274,Janis Kalnina,Telecommunications,2026-11-23,cert_RTU-2026-CS-000274.pdf,1394,e0ac575bba2027564f68748a489db8b46a980025e8aa2d8d9aa752e968eeb1a8,cccec3290535f17f1771d02849afcf09c77b156722a4874a3903033a78348547
275,RTU-2026-CS-000275,Sofia Petrov,Computer Systems,2026-12-24,cert_RTU-2026-CS-000275.pdf,1385,32563d867945149540ee69e369f9e0a4ab9b44d51b970904b5f47934c6130673,22f763f5ac4b3f479a36db187a2e16a7793afaf583c15855b311907921d4e7b8
276,RTU-2026-CS-000276,Marko Liepa,Information Technology,2026-01-25,cert_RTU-2026-CS-000276.pdf,1386,91a9f5fd03148497066fd48935115956d29e0642089a7b5eaf3b1a934402b85d,01f87089ed90ae01b17b51471506686142c6066446f72d319c4489a2b995c9c7
277,RTU-2026-CS-000277,Liga Vitols,Applied Computer Science,2026-02-26,cert_RTU-2026-CS-000277.pdf,1399,f19cb7df62b3c1533e82bb0df00e60b8580407ad1ccdb18bfb76ef95ac390af0,978ec54a3e7c99e71e8a81871df6441947e1af0926a397b1ef0cd293ed5f9672
278,RTU-2026-CS-000278,Andris Tanaka,Electronics,2026-03-27,cert_RTU-2026-CS-000278.pdf,1381,3e2bdd55c05c2d071c6c05e3b499072def0beee53f99c0a86191a4d852ebb241,60cf6c77a75ce178d6538676959d2ce3ce0a0eb84a75e97648d167a5ae9e9891
279,RTU-2026-CS-000279,Yuki Haddad,Telecommunications,2026-04-28,cert_RTU-2026-CS-000279.pdf,1384,3f2e9bf97215d63bf33548df8834c2e0338afc59673fe6c6ad4eb85c2b1b9381,718d5b92276b8e5cf47f72cf3d56701a9d0966fe57b698c6d68bc984d51a9dee
280,RTU-2026-CS-000280,Omar Novak,Computer Systems,2026-05-01,cert_RTU-2026-CS-000280.pdf,1388,f846955da44b4f88544263fafd2e8a1c356afad2d8e19af49dc9ca42d540df9c,787209d615a8f568969d1c6653450b5abc09ddb71e5cdea963d0b485468ddab4
281,RTU-2026-CS-000281,Anna Kowalski,Information Technology,2026-06-02,cert_RTU-2026-CS-000281.pdf,1399,b5260b61a3f03bbe9d956e15ea32874f2621c371120ba2f71d86da351099cf59,c131c1678390e8097598a81f559ed114891a6bd7948f7982d1ecf546fea4c9ee
282,RTU-2026-CS-000282,Pavel Saar,Applied Computer Science,2026-07-03,cert_RTU-2026-CS-000282.pdf,1394,a54947ae53b7c20f7cef8357aad1c1b3ab67e1aab827ce8bff9edb99a0e7a4ec,52632f50f94cd0ebf752c1dddc9d0ee63f622d4999b3f4ca880589cf34842eb4
283,RTU-2026-CS-000283,Nadia Lapsa,Electronics,2026-08-04,cert_RTU-2026-CS-000283.pdf,1374,0ee7857464b9dde61896e825e0c573d2dfef4ec5b86ac72e13db4d241c3e3186,f90e3c6458ebb6cde66a4bc89f0c98467069536ce0f7ecfae4911d7b79e66a63
284,RTU-2026-CS-000284,Tomas Costa,Telecommunications,2026-09-05,cert_RTU-2026-CS-000284.pdf,1382,1e23962edeadc13fe62ccd8f175d09ca3491ec2351c339afbe2533be16a62da8,0528affebc22e1f5f144157780e559337cdab703e4c1260701944f182c307c27
285,RTU-2026-CS-000285,Ines Meyer,Computer Systems,2026-10-06,cert_RTU-2026-CS-000285.pdf,1396,82205da83e8fbe4987bb083d370db6ddc30d4cf2352f19e24f96aba933d76d9c,0562be6c980c64f630090dfa04dd31d7fb3eecba2812c2973db6702e46b9d3a0
286,RTU-2026-CS-000286,Karl Zarina,Information Technology,2026-11-07,cert_RTU-2026-CS-000286.pdf,1394,d1241f62be6e00bd335cb242bebf7f1413a414ea7b48beeb2bfb93f9af78cf13,ec8845e46dd4addbea3079553d7d71d1a23778cd85191bd0b6de70429ec08297
287,RTU-2026-CS-000287,Rita Turan,Applied Computer Science,2026-12-08,cert_RTU-2026-CS-000287.pdf,1389,3b99bb4fc102dd21a344833c92d39d2aa692e60981626bde23fa0c4fa8f11f93,5e6b053d56bc8f62823accb81a36c4659d7ce9b70fb42b59cab30799bbdc36ec
288,RTU-2026-CS-000288,Hasan Ozols,Electronics,2026-01-09,cert_RTU-2026-CS-000288.pdf,1374,d698ba7034e897e449dd4250227d654ecb718f7259604da9721913f5cfba6da2,d7bed4dc7903b5d3cc234e34e55307aa8fd6f41688c4d9d3aa7efde092694488
289,RTU-2026-CS-000289,Elina Kalnina,Telecommunications,2026-02-10,cert_RTU-2026-CS-000289.pdf,1398,652a34dbda161a02dd2f06ec3700f7fbbf40821f83d6af14e7fb4f463b571192,728b603a8a8851593f583428f44cea9154ff79a5e2be7ada434af6c18e20e570
290,RTU-2026-CS-000290,Janis Petrov,Computer Systems,2026-03-11,cert_RTU-2026-CS-000290.pdf,1396,4728826b2644ba4dcad61f28e6d48892a2c28065899efa72dc5322aca6cb3f74,1e0940b4e51163440dd9071d6005b62d318a7f33d7b12afc71780ac3c8d52732
291,RTU-2026-CS-000291,Sofia Liepa,Information Technology,2026-04-12,cert_RTU-2026-CS-000291.pdf,1386,b2f5632d3942a81942dbdd6d43b83439e853a1b156a8c35b8997bb5841fc27f9,24df7d82828f592a1ed3b58acc22dd5ffb538ff74b2da06b12889b61bf3fb592
292,RTU-2026-CS-000292,Marko Vitols,Applied Computer Science,2026-05-13,cert_RTU-2026-CS-000292.pdf,1393,63c174d462336b45d59967e0ca8404ec4a0be74bc4fbf4f6f1f623cdf70ac3c0,8e726db46f82caf6dc8eb3831ae48718db5b098af90a9170a23c230c72e40b62
293,RTU-2026-CS-000293,Liga Tanaka,Electronics,2026-06-14,cert_RTU-2026-CS-000293.pdf,1386,f80c9d02aa960eac6e3b8d9929d73707e9a8bcd242118ef1f81fc68dd0e42886,19362aee99e3cd0a5f945f32bfb5ef33886d9efccc61dde51c86594f1a50c3f9
294,RTU-2026-CS-000294,Andris Haddad,Telecommunications,2026-07-15,cert_RTU-2026-CS-000294.pdf,1395,d59c2676da2fc258875d3812104534ffdba2879fac8c5224a1a773578b5babd1,0717fde3133a82a399a900b269e73d19a2e8cc03dd1e412becab304d81e5865f
295,RTU-2026-CS-000295,Yuki Novak,Computer Systems,2026-08-16,cert_RTU-2026-CS-000295.pdf,1386,43fbb283d2391b6d633d779ac6d8ec92fbc053a44d6f8a9953a099a29b1846a0,7b27352f6c52bd80bbe7b4198ea3c963e2107a1684be248735784b009aa46f54
296,RTU-2026-CS-000296,Omar Kowalski,Information Technology,2026-09-17,cert_RTU-2026-CS-000296.pdf,1388,96c2f8f8adff894dd539cef8302a0ef8ed004885cd260c7a2c2df34e3b996768,586bb266155b4de88f917e9dcc5a4d92f738b412179b0da1522113c6176103a9
297,RTU-2026-CS-000297,Anna Saar,Applied Computer Science,2026-10-18,cert_RTU-2026-CS-000297.pdf,1397,57c0528e40a0e1a957789a95d06538bfd49838bfcf72cee1d50e99465acb5b47,cbcbd99900723d9f7858b241e25f4a0269ff448dae727ab3ee617dec46e213b0
298,RTU-2026-CS-000298,Pavel Lapsa,Electronics,2026-11-19,cert_RTU-2026-CS-000298.pdf,1377,6ceae03df3fe7c3bfbd4695b58d219ecaf1c97fb3af2e917c4e0cd5badaa2e43,d002481f77b0d6f85673ed77517009087035539bc737a815cea34caf13096d87
299,RTU-2026-CS-000299,Nadia Costa,Telecommunications,2026-12-20,cert_RTU-2026-CS-000299.pdf,1385,4a0203a29281ccf0b1b17b792000fb956f8f1b8fcaf955643e4473f958ef90e2,86c584279cd5a0b6a80d5d52e7a413ddc09cf98b0b6ca2888c1eafe9f9398311
300,RTU-2026-CS-000300,Tomas Meyer,Computer Systems,2026-01-21,cert_RTU-2026-CS-000300.pdf,1383,fd2fa81a6017b37b364cbf6618ae4ffa98d085efb50bee4c2935b8990273c08d,93530a965b27f8a036f18f85bd7c495975cc87594a5cac206dd0aee60e48aaa7
301,RTU-2026-CS-000301,Ines Zarina,Information Technology,2026-02-22,cert_RTU-2026-CS-000301.pdf,1395,73a17d56b8e18df6aea476f314d5e84ba4abd0e2d0f4a157e8bfc24b64b1c020,1fabae82b8705da027c9d82a04ad3d7b21fbed407099b56ccd38c29d65efc00b
302,RTU-2026-CS-000302,Karl Turan,Applied Computer Science,2026-03-23,cert_RTU-2026-CS-000302.pdf,1396,3fbe96e5bd299d2e2e5a7fa7f6e998a500bed8d7f2fe0c8b54a790a993eb846a,29fb7bea95d58b85cf7a033a24e4798d95087d56532e47ff1596aa3520790177
303,RTU-2026-CS-000303,Rita Berzina,Electronics,2026-04-24,cert_RTU-2026-CS-000303.pdf,1370,aec1e7a96b8ce47bd803baf738ae364c1b0241866a86d1f869f62604fcee2c04,fbfaafa6482b24603ac513a9c8c55781d0b43e47bc2370dc6f1e3001cb4bd46c
304,RTU-2026-CS-000304,Hasan Kalnina,Telecommunications,2026-05-25,cert_RTU-2026-CS-000304.pdf,1387,fd6e86bb5fd7819c1461beb3091d0f236ec93cc47670d83e33e27f4ca3c2cc80,0c4e87ef6d2ec4c6cca94af06b741f9fb532686e52c7c0a519efb1e88e791f0e
305,RTU-2026-CS-000305,Elina Petrov,Computer Systems,2026-06-26,cert_RTU-2026-CS-000305.pdf,1397,faecc53df4681bff7e7ca9f2faec688db11b5724a8090627196228952feed3dc,eb20200d878aab04b928b6b2f83add437d0d6de9023b1e67a60c2ee67c0f808b
306,RTU-2026-CS-000306,Janis Liepa,Information Technology,2026-07-27,cert_RTU-2026-CS-000306.pdf,1392,0de5d0767982a76d2138ba5dc3a9e766d9bf1b9fe9b70713c2feaf9d4bd55bf1,2d7d20710279677b0f44af92845aee4a7f56fa1d5e00c0d61c666be48b4d257b
307,RTU-2026-CS-000307,Sofia Vitols,Applied Computer Science,2026-08-28,cert_RTU-2026-CS-000307.pdf,1386,fa33d04f12c03875ceb3089946c06ac29670420fd0ffa2b9465a664bb69d9946,ed93db68e53a5495f2f3f897401bd2e7ff41d03161b92d3ae1d7b9fbf00dfee0
308,RTU-2026-CS-000308,Marko Tanaka,Electronics,2026-09-01,cert_RTU-2026-CS-000308.pdf,1370,fa0d794e3334d6c5ee5004f9e9304c5c1b272f287356f16559622bb5ba34750d,298aea80b3440ff533f619d0fb9176c66dfbc6b573ecf5785a9028f541a17a5d
309,RTU-2026-CS-000309,Liga Haddad,Telecommunications,2026-10-02,cert_RTU-2026-CS-000309.pdf,1391,40950a9f78a309b6fb2e3e61b1d200589b072a81a15abbbf47ee509dd95f0902,2a5fca9dc24e388f0066bb5dbd09cb0576745402d54185bf0d687305586ca5e1
310,RTU-2026-CS-000310,Andris Novak,Computer Systems,2026-11-03,cert_RTU-2026-CS-000310.pdf,1395,01a6e4fd76a3224083a26fcd194c2d9b752fc45d037afa001d65e97e7531d777,21118f675af9ee264e7f8b33134f3ba604aee4863056ac5fa0d1ffefce3d26b4
311,RTU-2026-CS-000311,Yuki Kowalski,Information Technology,2026-12-04,cert_RTU-2026-CS-000311.pdf,1387,203cf1ba31b56493c70206c5beba85e319c0623fbe9f52bac70a75be50f44400,ade65149fb613a2e9d1ae0d133a440cc076a543aa6e7d8ecb20c89fe23b6f057
312,RTU-2026-CS-000312,Omar Saar,Applied Computer Science,2026-01-05,cert_RTU-2026-CS-000312.pdf,1385,721eecba2c23c4f75dfaab17137ccb388fc6d25e067297103519b55cf15ad40c,5c40ff9f815dd951267ec5758ecb97707a4e2d773c6230c67d36595b06b7fa19
313,RTU-2026-CS-000313,Anna Lapsa,Electronics,2026-02-06,cert_RTU-2026-CS-000313.pdf,1380,3164306f9ba3f1ef62a30ef05d90cba1b0e6abb5754aa016ec6f911f8897a866,d252554c959ba4346804731a26d5729b7867ff4493cd18cb3b4d70560b0169ad
314,RTU-2026-CS-000314,Pavel Costa,Telecommunications,2026-03-07,cert_RTU-2026-CS-000314.pdf,1389,643929e2ecd8cc98fbc99e8235489874e5da778f90ecfb50a5280650038ab789,d1625b41fd02459e9406d1826cbfac0e402d8ae85e3d8ec8b14d4bf565cc9add
315,RTU-2026-CS-000315,Nadia Meyer,Computer Systems,2026-04-08,cert_RTU-2026-CS-000315.pdf,1384,7dddbca4fd79a656cd26f9f2a092abf413f944da6339cb5f9c974665cef9938f,45ee32035de3253178ddd5237f6e19b69bea297c6a37281fac837ede07abc66e
316,RTU-2026-CS-000316,Tomas Zarina,Information Technology,2026-05-09,cert_RTU-2026-CS-000316.pdf,1380,254294f5c5f86dea2c12b7b8cfa79f3dbfc282fd4d2050702d959dddf958eb8d,af32fa384b932118df540c1761a58106cd7f93cc464f49f2f471eb8452c46182
317,RTU-2026-CS-000317,Ines Turan,Applied Computer Science,2026-06-10,cert_RTU-2026-CS-000317.pdf,1400,54a4fffba5f2f2d2fd7060f880b0c6e956301ec470295e596724360f6b2d9383,32e6b2f9f58f08fa574f90a3770ad1aa2611faf9640bab9a0456ff6826385111
318,RTU-2026-CS-000318,Karl Berzina,Electronics,2026-07-11,cert_RTU-2026-CS-000318.pdf,1378,c2707325cb6c63e64d68be7750d608b0b9302c87ef846a184763a9a6d3ac6d64,281d3179ac49fcb2dc5d84c0c2390f775b68e246ba09ab84b280ef2319a6ed88
319,RTU-2026-CS-000319,Rita Ozols,Telecommunications,2026-08-12,cert_RTU-2026-CS-000319.pdf,1382,edb8e03f35ce39928e9264f969ba682ecfc3f813e37958557fd82552787686ce,9c35954d9911f9f4ce1530272bc219a9bcdd4fd3545b18bafe62f1ef193bc76c
320,RTU-2026-CS-000320,Hasan Petrov,Computer Systems,2026-09-13,cert_RTU-2026-CS-000320.pdf,1387,0b1439be32cc0e0dbe158215e129445ceed513fe39a5226bae21f7800c5d1c90,3f326320fdeb7a8ef03aac9c576fb6896d9a3bdbb0a19effe1335c863683e696
321,RTU-2026-CS-000321,Elina Liepa,Information Technology,2026-10-14,cert_RTU-2026-CS-000321.pdf,1396,7253bd2aa619e5e7713fc57ed92d24a403fde66545fed613d46019fa019d3170,46b24273a6d34f613395b931d1705148e80af294d2fbba1cbda2cd0cf871f269
322,RTU-2026-CS-000322,Janis Vitols,Applied Computer Science,2026-11-15,cert_RTU-2026-CS-000322.pdf,1397,3155fbe52091f3aca4264ba3d48ac40c7d5b8654876909079cb03345f93dbb04,cf81670609b9ca6ad01da15cf8a3ff0d3239d94b86646a4058934125416ee60d
323,RTU-2026-CS-000323,Sofia Tanaka,Electronics,2026-12-16,cert_RTU-2026-CS-000323.pdf,1369,a2a0f754fe13ddb11336594649a6d98067d151498b873f3a9a7de15698819b69,7ba87146970127c65ead380ad96f494c736b4c63a6d616fe577e340a992f1b3a
324,RTU-2026-CS-000324,Marko Haddad,Telecommunications,2026-01-17,cert_RTU-2026-CS-000324.pdf,1386,bb9055e5d2515ae6fccf86b9dd623142ca26fecd5cef27c5bd1c6bc7fdbc63ca,79531fea598952c8d901ba8e36a6eb4e91ba261d8a99fa1a3e1642b70986c5ca
325,RTU-2026-CS-000325,Liga Novak,Computer Systems,2026-02-18,cert_RTU-2026-CS-000325.pdf,1396,a9703f4c36175db463c2f56c06cd121c2281e437671b0eb792b14cb440b2b542,2e86bad438ef0d229a7f49416b010f0e68f4a8f6217d04419a35778e6f8ecf63
326,RTU-2026-CS-000326,Andris Kowalski,Information Technology,2026-03-19,cert_RTU-2026-CS-000326.pdf,1396,c6a59b5a48457fe1997a1f45465e74f1c9f37c36c325ceeaaf1f7aee4d64c340,c970f27fecbe55c86be01c89366e36c811bd0d9c954234a90f8330f94753be8a
327,RTU-2026-CS-000327,Yuki Saar,Applied Computer Science,2026-04-20,cert_RTU-2026-CS-000327.pdf,1384,866522bdf314ffdf1ed1b0ea4fd5929f87314ca59e56ae34aa49990b78d724a9,2affd4b17842bd1b18368ff798fbbab497e5d6836a884c83764d8b1c94db7793
328,RTU-2026-CS-000328,Omar Lapsa,Electronics,2026-05-21,cert_RTU-2026-CS-000328.pdf,1369,0c2efcc04f3b8b1c603730156e4e2741614a06beeb6f4ab21bf3957a6f115bdf,8d1dfdb02d7094357690420d3e01e529f94829c263e5cf1d6ef199999af25b29
329,RTU-2026-CS-000329,Anna Costa,Telecommunications,2026-06-22,cert_RTU-2026-CS-000329.pdf,1392,664bc664ab08a088600caa2c940fd90afd61b8a087cec6728611dc93e9a9bab5,54eb669f52862f09b98cb980495a73dc7a19dc5364133ff7ca5d339270e20480
330,RTU-2026-CS-000330,Pavel Meyer,Computer Systems,2026-07-23,cert_RTU-2026-CS-000330.pdf,1392,2e6078af5865d9f17ad3cebb65168744d30600b0a25c7b2b662be316958d3f96,e5d88dc393155b4c44d95025853cdf8edcf5b86d13d8f6b10326e9651e23fb1c
331,RTU-2026-CS-000331,Nadia Zarina,Information Technology,2026-08-24,cert_RTU-2026-CS-000331.pdf,1384,3d25a3edf919a74371bc316db545f022654090e959b5403b131eb2f8a3e5bec7,8d383b44214ba9c3e798b66f04831fad05fc9a1f2ca93777f9175d5efb5059e9
332,RTU-2026-CS-000332,Tomas Turan,Applied Computer Science,2026-09-25,cert_RTU-2026-CS-000332.pdf,1389,4ad33665ce0f81f149fc8e10b0c5e44318a8ca0fb27846fd2fac70b5b3ffa6aa,922a371a58cbdc62ee4bce341ee9c094933bd5261aef3ec0652b513939305bef
333,RTU-2026-CS-000333,Ines Berzina,Electronics,2026-10-26,cert_RTU-2026-CS-000333.pdf,1378,c942d359eabd2dc041de87efefe758e90d2ef5634c27c31e4083acbe64088123,c5aed3c223eb04657122600c5b752f8f929885c6cec2e1087a1b7b784fc1a7fa
334,RTU-2026-CS-000334,Karl Ozols,Telecommunications,2026-11-27,cert_RTU-2026-CS-000334.pdf,1391,0f6e1e4282cef20abb91373cd8d80c830d5057d5cec3ef3a11795a008529adc7,6a1318f390187d5b7c11d129d3c7c42b2e73c397b70ee7366e0a80af2d53056c
335,RTU-2026-CS-000335,Rita Kalnina,Computer Systems,2026-12-28,cert_RTU-2026-CS-000335.pdf,1382,72fb2387b693f67e8932abc4b334a5c5584ddcbe925fedb5f24bc161c09e145e,e9d9732d1764785d260a312d89b1c3c656ab82326ce44cce0bf5a6bb084aea31
336,RTU-2026-CS-000336,Hasan Liepa,Information Technology,2026-01-01,cert_RTU-2026-CS-000336.pdf,1384,c4f42c12a2e7d0c8143359e645fe28663902f28e762d8139ff1f7fc20a6b6455,e5803c265619a2c918ded2171b3099f720433f7740eb2f84d1e3e2e853415e98
337,RTU-2026-CS-000337,Elina Vitols,Applied Computer Science,2026-02-02,cert_RTU-2026-CS-000337.pdf,1398,5d5cee4d79a9ba57ef01849a414f6d5d95fd963a0739ba0cc44a3aa43274c5cc,03f3c7699747f44f710d73466b1d93bb8016ad72e0c98b36d019fb518f83c748
338,RTU-2026-CS-000338,Janis Tanaka,Electronics,2026-03-03,cert_RTU-2026-CS-000338.pdf,1375,851c9109b226a26ffecad8ae21226e363356e243b8c1bf28cdb4a57a8cad19c3,f11aeed46f76a1689e88d32eae0f81015fd9e05d04c357530915ae998df4cd9f
339,RTU-2026-CS-000339,Sofia Haddad,Telecommunications,2026-04-04,cert_RTU-2026-CS-000339.pdf,1378,75830a9e5366b560d5d8d0bc1f7b75ced30d8f456acf022625a6ff79ec938b4c,0408e3f64d5003d976457e2b1bbf28ff0c9f98fe2fcb22de7fd86f4849f63c37
340,RTU-2026-CS-000340,Marko Novak,Computer Systems,2026-05-05,cert_RTU-2026-CS-000340.pdf,1389,0b7a84a3b79e9abbdcee6dc70f8efa9e5d4004dd0d989099b71cf14b36a73909,68cc2a0e1a902c7fe17c1214eebdd769cdf0f4868bfaa97dab964b71012b050a
341,RTU-2026-CS-000341,Liga Kowalski,Information Technology,2026-06-06,cert_RTU-2026-CS-000341.pdf,1395,d2ce2d2a3f2a900018f13042b904ee0175dd6ff01d72b24abdd8ea63435b98fa,e3334394acaa1edfe1b1ca68c2dfb006a82b5367d53a8dd933883989c713a607
342,RTU-2026-CS-000342,Andris Saar,Applied Computer Science,2026-07-07,cert_RTU-2026-CS-000342.pdf,1395,fb1e9c8a64206323ea5a3056867b888c362e3a0cb339ea40f8d9bb5e7bca5bb2,15c2d8dd1d2a95a1a97faded2d407c2dd905c179719a7fd7135ff54e688c740d
343,RTU-2026-CS-000343,Yuki Lapsa,Electronics,2026-08-08,cert_RTU-2026-CS-000343.pdf,1369,164ccd33a665e3fa265db3170c9c65c17f4673fe28e6e7ca56050d2508ed97aa,31b216f22e089fb2ffacb1658b75942e520ad7aa7409aa1147660e83ebf8e91c
344,RTU-2026-CS-000344,Omar Costa,Telecommunications,2026-09-09,cert_RTU-2026-CS-000344.pdf,1381,3fabe3c99223e1fc8125031945ce1e0a0fb4b985752296408bd4a6e561c29ddb,618c96144d70fad655bb3a5c1187e087afff6e8dafed0603ab9b1dc79c89aa82
345,RTU-2026-CS-000345,Anna Meyer,Computer Systems,2026-10-10,cert_RTU-2026-CS-000345.pdf,1395,38bcb3898a4a2e3de6b6efec6e42f122dddb5337a78d7b83a14bdd689d940700,cebe3e762ad75198e9720d21039d38250b6789f0fdf2d5586c11310d5ab668f3
346,RTU-2026-CS-000346,Pavel Zarina,Information Technology,2026-11-11,cert_RTU-2026-CS-000346.pdf,1392,9f3337ae35a2c576dffd10cbab824543c6e4967b8274bca6161b2efdf8e020c2,0580f46c47f1f196de3c256a449c7726d1971b9e682157d70fdec864f6c8069a
347,RTU-2026-CS-000347,Nadia Turan,Applied Computer Science,2026-12-12,cert_RTU-2026-CS-000347.pdf,1389,9d974ff6ec920b46e799f6394e798cb6bc7ccf9f80752a3d654a79ddd4db9d65,5f0eaaaaf9b57dc09f9ee48f7f0f753d6675f366ca76b5040275fcdd2a9a7e66
348,RTU-2026-CS-000348,Tomas Berzina,Electronics,2026-01-13,cert_RTU-2026-CS-000348.pdf,1374,cec697cd28fe45664d3847ac74f97120e1ced621435906f4299d4d7c6d3063a4,ecb53ae2d2fbe1d3e25e808f5266cafcf712e560c36cbe589c1cb7b5767bc731
349,RTU-2026-CS-000349,Ines Ozols,Telecommunications,2026-02-14,cert_RTU-2026-CS-000349.pdf,1397,008d2ddcc2da23aeb1c1698a0b6979246168a180c1d7014bf3df3518379631b7,268b23df71229ff454a8d2855f35b19dd21d2036ffc9bd2b34bd6509ce04a410
350,RTU-2026-CS-000350,Karl Kalnina,Computer Systems,2026-03-15,cert_RTU-2026-CS-000350.pdf,1394,3a3322ce8c87455385c0de87cff45eb404993288da6f883a325882a76d5c8fc3,7327d361be2228010efda5a58210ac587dd5ec88cfcabec99311cdcb370da9d4
351,RTU-2026-CS-000351,Rita Petrov,Information Technology,2026-04-16,cert_RTU-2026-CS-000351.pdf,1385,2735ce5dbf7a6b83c649b99a98c1afe85788f00d38d17e5b26bb0cb0d91f6e5a,dc9c07d0c65e89ce6b5e0b0bdfe46fe0ffe7cca8bd10175a146e90e31800cf61
352,RTU-2026-CS-000352,Hasan Vitols,Applied Computer Science,2026-05-17,cert_RTU-2026-CS-000352.pdf,1393,7b3ca86a4adef6fb7ac9626b13fb26c2209b6a3ffde1f28ef4e541ef2f98fd9c,34a16853f0fe141bba081b0beaffbcfa5a61f7ec5e1ff376823274294e9c0c6b
353,RTU-2026-CS-000353,Elina Tanaka,Electronics,2026-06-18,cert_RTU-2026-CS-000353.pdf,1383,6d314a9ac3f8bccc31867d4eff1698457b89dd79e07a12bf49272533f0557558,cdd420e5240eccc26d208db2075d2891d3de4ce6c12cb573c6749d32365efce6
354,RTU-2026-CS-000354,Janis Haddad,Telecommunications,2026-07-19,cert_RTU-2026-CS-000354.pdf,1393,0142f8bcdba293392c210465cd97eecf99248b0bd19f6232f0b0e12ab10d8c0a,5152dd8d2476fad83f06c3c799f4dafd4f405af13e632136aba1675e6100aec8
355,RTU-2026-CS-000355,Sofia Novak,Computer Systems,2026-08-20,cert_RTU-2026-CS-000355.pdf,1383,e63a2e261bdeaae3f9c991fbdf6fd9dbfda868cbd28306dcc7848cf5fc64a5bb,f5033113866545aae2de7884cd86a1f101c582d236f56279c5cd156e4d8c4a0a
356,RTU-2026-CS-000356,Marko Kowalski,Information Technology,2026-09-21,cert_RTU-2026-CS-000356.pdf,1391,769aa23876c4b0d05e8cb766e843dd0ada8e3effdfdfa561057fa3136ceea663,a28559b22d1574bb13005638cc90330a5670a84487e58c62789632cc266209a5
357,RTU-2026-CS-000357,Liga Saar,Applied Computer Science,2026-10-22,cert_RTU-2026-CS-000357.pdf,1396,620b2cd86057159e68abeda6bc1afc138400db604c42448384bfb5f4406f8afd,b08297daa20dc19f5d0fea0e47b1320fc76bd4a8c1ed0ffa7cdc046acf0213df
358,RTU-2026-CS-000358,Andris Lapsa,Electronics,2026-11-23,cert_RTU-2026-CS-000358.pdf,1382,44ce8e5c6e28122d72f6d34d49c53bced9a1228dc0447345006b92a2006b5cf6,894d366ac871a4e59b5435b3c628fcf78daf679021efa785db0c32276be75c67
359,RTU-2026-CS-000359,Yuki Costa,Telecommunications,2026-12-24,cert_RTU-2026-CS-000359.pdf,1385,b36886a447c617a7314a610d8c0ecfb536bfc5e4a5509a1a16f9db71f28ce24c,24ac9b87533b499a98b313dd18ae75b5cb69cb0a8b925c46695124b4b0952cbb
360,RTU-2026-CS-000360,Omar Meyer,Computer Systems,2026-01-25,cert_RTU-2026-CS-000360.pdf,1385,9659983dac7385dec3fbcbad7fa6756a11c0ee53a03ed99f1f7e19e646a3b675,e6e41cabb42f57b1a71dd930dd815595a61787f02a2a02ca13a2ad5b7bca3037
361,RTU-2026-CS-000361,Anna Zarina,Information Technology,2026-02-26,cert_RTU-2026-CS-000361.pdf,1392,c284ea3a5eb37d0e7d98051697f30c68501aa843d995a681115baf3cebaa0013,5d60e5c469e68dbcf3c435ceb6e00a5245c20637b5762ee0b7448ffa82572f58
362,RTU-2026-CS-000362,Pavel Turan,Applied Computer Science,2026-03-27,cert_RTU-2026-CS-000362.pdf,1398,361e0649744bba56ad614368bd05871b418d620b43c26f788a87977b358841f8,d4377aa9116eec777ae14fb766a34de95f822c625a4064ec785eb085dc30c803
363,RTU-2026-CS-000363,Nadia Berzina,Electronics,2026-04-28,cert_RTU-2026-CS-000363.pdf,1370,1bf146549c39db349a1e9de7940130b73e762f71e9f4a72b67ecacfeb6076aad,857e90a07d016ff1db8db39cd2c7ebf703293cd1d7ceb631f7b5cd048504a89f
364,RTU-2026-CS-000364,Tomas Ozols,Telecommunications,2026-05-01,cert_RTU-2026-CS-000364.pdf,1382,21401ec108aa55596434591b354c54e90eaa1f3928d3daef2a3d96c0b7fdd8ac,a6b86bca999aa560160988753b0bb084c63d81229cb00532fcaf20c48cff436a
365,RTU-2026-CS-000365,Ines Kalnina,Computer Systems,2026-06-02,cert_RTU-2026-CS-000365.pdf,1397,25fc5d31f1cb76f3dcf0b310d8daf2c2aa58df731682dc62bc962613071fec0f,6c454d1c1b2c67022efebd966dfd17fd61e7ac51f110bbeec3d924d99cc941e0
366,RTU-2026-CS-000366,Karl Petrov,Information Technology,2026-07-03,cert_RTU-2026-CS-000366.pdf,1392,4406f418efe17828ece69248b8759c98338ffbe4037556a85622475491b8f89b,bc9b015541c4f9c579594b9b97f3c5ca20bef799ce9872e039681cc70756f2b8
367,RTU-2026-CS-000367,Rita Liepa,Applied Computer Science,2026-08-04,cert_RTU-2026-CS-000367.pdf,1388,35f1a7cb320b29ad04de2cce887177c7ffcdb90b6df9dca79f7c740395b62235,68d68d5dbe93d7ed4a65b6a2ae4bfba087492d9130de03a3ee31cdfbcd1a18f4
368,RTU-2026-CS-000368,Hasan Tanaka,Electronics,2026-09-05,cert_RTU-2026-CS-000368.pdf,1370,f801ee66779f3f5a2a8e6b5e39bb2c827b6a70df49e0a17e12b082df873a2718,585f409b5e4c77c663bf75219d6e7b881917a1c156579843ded1f6647aba256e
369,RTU-2026-CS-000369,Elina Haddad,Telecommunications,2026-10-06,cert_RTU-2026-CS-000369.pdf,1395,4e9af2c5ca4ed765c695b142c15093ca54bb99ef20a5dc895cb85e4bd68a074d,065bf8a7e9cfcec0a48058bbd17c22a8fda2e1905a871ffd190d988e269cd07d
370,RTU-2026-CS-000370,Janis Novak,Computer Systems,2026-11-07,cert_RTU-2026-CS-000370.pdf,1396,8377e298292b473ffabbec4e53b9e083606d281215fdf604b15201c0412bb621,fcc1ad181cd2fe2552bf1eabe7cd96745bcdc6470a91ea6144eed5f17a2abd92
371,RTU-2026-CS-000371,Sofia Kowalski,Information Technology,2026-12-08,cert_RTU-2026-CS-000371.pdf,1390,6ba1c8410a2a56a750eb6ff11bd9e0f00c3909936e0eacc2a22f92f80aeee050,615f8ff9177d5258026d084dafcb6d177964bd035a5e0b1877d85793607eb7e8
372,RTU-2026-CS-000372,Marko Saar,Applied Computer Science,2026-01-09,cert_RTU-2026-CS-000372.pdf,1388,5a3705371a7260909a20ca2b1c7dab7f2947977e04a3553e3e7ff6c9cf0932fa,012b921f89c00f00ae5760f6dd941c6738858b996ee5be540b9f0f7aa201865c
373,RTU-2026-CS-000373,Liga Lapsa,Electronics,2026-02-10,cert_RTU-2026-CS-000373.pdf,1379,c2c2c60abd16945790f3a348ba98fac2393f9bbb36d126b3b854d3e3c46e5ae1,46641f0f24881d22e41443609f8749d2da84dde86b49bb3f5df1412425c2c617
374,RTU-2026-CS-000374,Andris Costa,Telecommunications,2026-03-11,cert_RTU-2026-CS-000374.pdf,1395,89af6b7cfcf4447c2f9a15bd6e56081a28a9b0225e6287870d451f08a8d76c31,16c76495b83430a4d5857034f6e188bce31c17f2517a9d0f06a066e82f60e49b
375,RTU-2026-CS-000375,Yuki Meyer,Computer Systems,2026-04-12,cert_RTU-2026-CS-000375.pdf,1384,6f921607ea3bba73f417c01c44730496d9ff7eaa8e659d0794e5b8f9cdeb9b68,2b3e035ae8f4f35bc32243a33ffc2904186822661525c1a138507e18dbff5dc4
376,RTU-2026-CS-000376,Omar Zarina,Information Technology,2026-05-13,cert_RTU-2026-CS-000376.pdf,1385,10ccc7cbb3e9493e02b2ef13c1fd3995d084a2eebc72abf2163c75406e90c7da,f51884dc012bd656fd362f862b64d713a66f40c45cb292aab4aed988a54026dd
377,RTU-2026-CS-000377,Anna Turan,Applied Computer Science,2026-06-14,cert_RTU-2026-CS-000377.pdf,1403,0e5860a4892458fc1632c76587cbbe0305fd09ac88c2083b201a443f648a35db,66e6a7df1865cbc719d3d99615b0a7e0b2f00ea2e8be52fb150d215b15dae5f5
378,RTU-2026-CS-000378,Pavel Berzina,Electronics,2026-07-15,cert_RTU-2026-CS-000378.pdf,1379,a8c0475eb076fc63b630ac6da9f749879262269499690e572842cdd59be8e038,ecedf94a448571577c3b61965908ff68f1fce73a6ebe3139f11e8c73fbdeefb0
379,RTU-2026-CS-000379,Nadia Ozols,Telecommunications,2026-08-16,cert_RTU-2026-CS-000379.pdf,1385,3bd63f0439af337b273736ef1ee2d6e1cd16b54a97d53162ff71b0a57e1af3b3,7fc68811e4d09533e23a97733d283607106779611d77acde330b75cfac3b17b7
380,RTU-2026-CS-000380,Tomas Kalnina,Computer Systems,2026-09-17,cert_RTU-2026-CS-000380.pdf,1388,721fdb17637a835c15c172e46cf173e954e63075ada04361f102181c1e6ba9c8,d7ce4788773dd73f8ced9a37b2d4343aba4d7f8ad2a9d4a991d4b0878ce785ad
381,RTU-2026-CS-000381,Ines Petrov,Information Technology,2026-10-18,cert_RTU-2026-CS-000381.pdf,1396,dc2bbb088b0b15d01eb89220405a5dc5e6877fa9ca4b72280cfbb5e312029d04,b1d5ba0daf4b6fb64dfc5aa7fc62af45c17f165ce39849231c7aeb760d607a51
382,RTU-2026-CS-000382,Karl Liepa,Applied Computer Science,2026-11-19,cert_RTU-2026-CS-000382.pdf,1397,1fc5f075d3f26be3656a7de69bc2f118146e6c12cde0bbba1262d28ab05f1429,1099047c86ae124858fb6b6221678b0eb4ffb9341019be811a56ccc1941bc22e
383,RTU-2026-CS-000383,Rita Vitols,Electronics,2026-12-20,cert_RTU-2026-CS-000383.pdf,1371,7bbafc6091dff50f06a6b288adc37eabb559d37848fd2de30b1f811b49ed485f,e44d228c366cc01d67a6c2858436c5cbbc56fbfb20c752428c9ae88228cca44a
384,RTU-2026-CS-000384,Hasan Haddad,Telecommunications,2026-01-21,cert_RTU-2026-CS-000384.pdf,1389,73847fdda2673a14c2533fe8ee3d504fc9689993dbbd317039a083cdbb93b99f,cc3d1201a964cbce6d254d1d966c9b76dac1d088ea46604c3506a6957e066b1b
385,RTU-2026-CS-000385,Elina Novak,Computer Systems,2026-02-22,cert_RTU-2026-CS-000385.pdf,1400,bfa2c561e8446587fcd4f1dd08e4dad0fc0f45e43bf2c4886ffb503321746780,046b73c4d24fc78b0ea95a183293ec991117773f8a085848d98a673d3e6c8bf9
386,RTU-2026-CS-000386,Janis Kowalski,Information Technology,2026-03-23,cert_RTU-2026-CS-000386.pdf,1396,2d4f81ace52d688964d33b12c16b5a9555d1199260aa4ec94b1d1197820a3c6a,37020e9357834bfab2ce610ec93737cf476928ae5fee4d86cc1ef7d08a741a9d
387,RTU-2026-CS-000387,Sofia Saar,Applied Computer Science,2026-04-24,cert_RTU-2026-CS-000387.pdf,1388,cdbd664ce8f8f3a981996c4fb3259780ebd2b186fea911059239e98c9a9a9c51,8837e0da56355ac2821a2018fb16124d65c9ded6de5cf87d038863ee2e826ecb
388,RTU-2026-CS-000388,Marko Lapsa,Electronics,2026-05-25,cert_RTU-2026-CS-000388.pdf,1371,ba71b8b8495a30f52ec531a684461807b7a7d2e16d8acfe7db5ad9feb70b1466,bed3dead20b301e8a333a47f1bcbc8bf07cc3879de9d7b077b5de39d1dfb25c3
389,RTU-2026-CS-000389,Liga Costa,Telecommunications,2026-06-26,cert_RTU-2026-CS-000389.pdf,1392,a8a932e9f30d09ed977996b99bc4b861f84236c3cc6f1398963653189e069b8a,14d4ec96858059917ff1eb2ffa81d12ec6ae851bae268c6ef5db4592e03b9323
390,RTU-2026-CS-000390,Andris Meyer,Computer Systems,2026-07-27,cert_RTU-2026-CS-000390.pdf,1393,a27762377bc6a415b33d099ba70093b4a714d7be5db92dcb1ecba4560c1adde8,cc6931f0e2d01db150c87ffff8d44e8ec0d148a0a7bf228621cf971758c82b55
391,RTU-2026-CS-000391,Yuki Zarina,Information Technology,2026-08-28,cert_RTU-2026-CS-000391.pdf,1385,00e1af71c5cb5d832ddbba1d69e44d6d0ee1aefbcbb2913708c07619129cdf6e,5c98225bee544e89d7d490ced72e3af2c99b070b916703b90cce6c38aee22af2
392,RTU-2026-CS-000392,Omar Turan,Applied Computer Science,2026-09-01,cert_RTU-2026-CS-000392.pdf,1390,bfabe59043ca151c044de1fe2fa847ecce51103b4539d78a8a69d7b641bd4683,974675e9f68898f15188c57811ae7eb738127d6ce939bda83657941bae8caf5a
393,RTU-2026-CS-000393,Anna Berzina,Electronics,2026-10-02,cert_RTU-2026-CS-000393.pdf,1381,59621137059d8cbc5451b2714271aa93571c4b6a7f38e131327152e6582d70fe,b59a9905dd3f163c5473a92b7eda1e1229566c4592b46985294e116c1a5a6b44
394,RTU-2026-CS-000394,Pavel Ozols,Telecommunications,2026-11-03,cert_RTU-2026-CS-000394.pdf,1396,12af13f84ffbc9d13358fd3625bc2ba7e34dd0145df8f9705be446111e9b25e7,340828189d798b17dc35fed3ef3859e3ea28d63d570fc8fdd3efd1d50b38aba7
395,RTU-2026-CS-000395,Nadia Kalnina,Computer Systems,2026-12-04,cert_RTU-2026-CS-000395.pdf,1390,c50916975f173d28b3a988efa273a54d2d8d1de28d846b6051b45a6de03912c8,ff5fcc907eda73b58cfacbfb2407f6a33757d61f5ab44a7924729e50ba5def67
396,RTU-2026-CS-000396,Tomas Petrov,Information Technology,2026-01-05,cert_RTU-2026-CS-000396.pdf,1386,83d49bed4fce5399ba9b6f8bc7681b5bd05ec302b3917108c89dfac620842835,8dbe9a7d152ee6e7d3c14b7be45a61cefc555e497f8a34aa903dd2c7d600d9e1
397,RTU-2026-CS-000397,Ines Liepa,Applied Computer Science,2026-02-06,cert_RTU-2026-CS-000397.pdf,1399,b093e90a585763b0e300cf416f706f6972e3352667f315590c7a37beacf2dffe,97f28009a61ef088c2e9d1b3663dacf4cf8ec14628da96f0b5fa7ec5937b280e
398,RTU-2026-CS-000398,Karl Vitols,Electronics,2026-03-07,cert_RTU-2026-CS-000398.pdf,1379,179a2043a7b58b3664bdc5d7ed85cad4762a9b9555871fdd6f026de37bc22bcc,4b4e8f573eebd4fd1d1ec6ebe4a7d5d2d75f806bc728d11289a5adcc25bed105
399,RTU-2026-CS-000399,Rita Tanaka,Telecommunications,2026-04-08,cert_RTU-2026-CS-000399.pdf,1381,b3c921d306e74146592f573a9b07cd660d48c48737cf2b6b87ac14c7e2b936f8,8066a08ad7193799d22d938e52e9cfc420a4c85d59eada7a422ef779b54573f7
400,RTU-2026-CS-000400,Hasan Novak,Computer Systems,2026-05-09,cert_RTU-2026-CS-000400.pdf,1387,d9130421147fcfcaa846196c600cb129118c3c338a2f6bd57380588b8f731a01,fadb77b6f9fc987b0765e5bdf0ab6390cccd64adbbacbdc43d1cef94ddbc4508
401,RTU-2026-CS-000401,Elina Kowalski,Information Technology,2026-06-10,cert_RTU-2026-CS-000401.pdf,1399,98f0b76778d4db23baa792670fec3f26111fa066d0cdb91c9a1f98e2dca32971,0faaf96c31d1f47173e0bd7bf6ff2afeabede0b844574f69a378ac48e415716d
402,RTU-2026-CS-000402,Janis Saar,Applied Computer Science,2026-07-11,cert_RTU-2026-CS-000402.pdf,1394,e460fedee59850daa5427d6a64ee0a44bb03fd64e55825d8d58da6ca179ac487,caa98934b7882b4f0b5ec47488f7ca5963757d90dac90d5f24e9c54e57165098
403,RTU-2026-CS-000403,Sofia Lapsa,Electronics,2026-08-12,cert_RTU-2026-CS-000403.pdf,1369,ba29c26f8fb1c82f3205f91faa041ef75222adaf19803711027cff086f18785e,b44640305c0ea16ed14089de6e743ce40718b37fea2caaa5befb13041ac5d98e
404,RTU-2026-CS-000404,Marko Costa,Telecommunications,2026-09-13,cert_RTU-2026-CS-000404.pdf,1384,e8bdd34e1c987f4b16a41c46320176eb4699a430baf75374159b73c7f3a47cbd,467deab5870914b2b7dece602ed7fe6b9cd77694c39aa2fef0d6f4c58fe55bd6
405,RTU-2026-CS-000405,Liga Meyer,Computer Systems,2026-10-14,cert_RTU-2026-CS-000405.pdf,1395,adba5ce16852bfb61df86ea5a42862d6f3cf48be75e411b4af1d8caf42a2cb32,044c4a5a8e4405e8d18bfac3891f610e55d80f5ca6b958ca7cff077607053099
406,RTU-2026-CS-000406,Andris Zarina,Information Technology,2026-11-15,cert_RTU-2026-CS-000406.pdf,1392,393157e4f2c21bbd883c05393e95643b6bc600f1d2aaf05d5b0d387fb49e4c30,1cbdff655325721eaed39a083940a5ac4429e0cc82a776b5cf51e072c9faf7c9
407,RTU-2026-CS-000407,Yuki Turan,Applied Computer Science,2026-12-16,cert_RTU-2026-CS-000407.pdf,1390,c8d19dcb6896d9c595df556a5d1e7a936c791ba66010ec73936b66898e13dda8,c7cf0e24b82d19eec1e1a6cc341cc7000dca47188a13abacadc091fe8da06cb3
408,RTU-2026-CS-000408,Omar Berzina,Electronics,2026-01-17,cert_RTU-2026-CS-000408.pdf,1370,73e8d34c4fcca23575fa0dd72f24022541a1f67b8feb21401eed7d881f388513,d2613e9a40ea0e1ed6df20415b20cd992e431c0b84f124daced32f13def5c178
409,RTU-2026-CS-000409,Anna Ozols,Telecommunications,2026-02-18,cert_RTU-2026-CS-000409.pdf,1393,f3da3bfab2de8d3e34ec798133a459e6e8a4c00f8b1a3846f3d32b29e3ad8f0c,ccea61c9c8e78faf7ea1ee9c1b8d53a22011134017df3d2a62a200a1a8f45c77
410,RTU-2026-CS-000410,Pavel Kalnina,Computer Systems,2026-03-19,cert_RTU-2026-CS-000410.pdf,1393,7beea1e388c2c0ebfa89c2250e6f26cac5b3572f1fc920f00f1069232ccf5355,7e568b680642fa8c81d1aee19ae389a88e893b0d8c41c3ccae5bc5a90f44cbeb
411,RTU-2026-CS-000411,Nadia Petrov,Information Technology,2026-04-20,cert_RTU-2026-CS-000411.pdf,1387,433aa3da88adf28a785414ce470fc225d35c9090d1d587bf0a05572bfd18c765,77977f5ade586650e0fd8862050a94f7682bbe371636a345710d59185af62b97
412,RTU-2026-CS-000412,Tomas Liepa,Applied Computer Science,2026-05-21,cert_RTU-2026-CS-000412.pdf,1389,9329b2ebc29c71da0a0420b52c35b6c52e610613cd62fcdb73be14f8d27cc1f4,b79bc0a7fe3811f9567c1f6df6fdee466070535eafa25014c50b594b6fbefc45
413,RTU-2026-CS-000413,Ines Vitols,Electronics,2026-06-22,cert_RTU-2026-CS-000413.pdf,1381,24dd2d895df83dd128701eb3d5a17bc87d1dd4e561d7595311f6e41d052ede5e,de23e3395cf2a1ba546fb6af1517ba11d7244d53e61177b698ee728fb1566b24
414,RTU-2026-CS-000414,Karl Tanaka,Telecommunications,2026-07-23,cert_RTU-2026-CS-000414.pdf,1390,34c197934525570fbc6d4c61bf085fbfb3548696dfecf25280a718e20c1d2342,3eda5fee0bf0ba3272356d6e8731c515d5ac9f0b30c44761996fda66c6a32efb
415,RTU-2026-CS-000415,Rita Haddad,Computer Systems,2026-08-24,cert_RTU-2026-CS-000415.pdf,1382,4df17ffe481ac3354889d2406541e9b0cefcd1b21b5b7416b70c576e141d97fe,7cdd0cab61e59653d2ddfbd7f89061553f6251bc925bca7bab37cf33eb532da6
416,RTU-2026-CS-000416,Hasan Kowalski,Information Technology,2026-09-25,cert_RTU-2026-CS-000416.pdf,1387,4b917ee37a70d720e4a73c17030b93611bc9cac7428cdc7a541f91dd20b2d49a,bda70456f0b436e11ba14e5a9b3091f2db98ac03d6deb27af0c0ed805bf07b8c
417,RTU-2026-CS-000417,Elina Saar,Applied Computer Science,2026-10-26,cert_RTU-2026-CS-000417.pdf,1395,0c004ca10c750ff0fc692247f46b54d528491a3f2db78bdc5628988e19a1cddd,ed02aecefc6d4512f3c303d345eaf6e238bfbcb189f61170ac777e088c3e832b
418,RTU-2026-CS-000418,Janis Lapsa,Electronics,2026-11-27,cert_RTU-2026-CS-000418.pdf,1378,283bd170c8baa2b98dd046b53ef9a883a07d231591d565a9d39e607a48c05d2b,40fc5669748d8ff6ded4bbe22e851356f4b61b16f255fc0be4342c3739752c70
419,RTU-2026-CS-000419,Sofia Costa,Telecommunications,2026-12-28,cert_RTU-2026-CS-000419.pdf,1382,d856e5154f9a9b5cfc2a6067149418cfa66fa584a934f7519034eb2a52faf01d,25b215fa292a6a2a44abc00b6ef029b2948acdc4ed4d06382ac92403a74ba950
420,RTU-2026-CS-000420,Marko Meyer,Computer Systems,2026-01-01,cert_RTU-2026-CS-000420.pdf,1385,64b5e6d3e07338f374e9d7e5e4185c61316373b49ecca42c244cab283648b617,0ca1bb0c130877668cd739151cc9c6c3c78cad86d319a3cfd238d600f7216d0d
421,RTU-2026-CS-000421,Liga Zarina,Information Technology,2026-02-02,cert_RTU-2026-CS-000421.pdf,1390,4c2c42da3b079596b6784d721f4e202269d470015645f41734197f59b2022120,813ae501ecfc69d2890e9e5eab0fda2462fa5f04d633ec54640b076ae9f5a387
422,RTU-2026-CS-000422,Andris Turan,Applied Computer Science,2026-03-03,cert_RTU-2026-CS-000422.pdf,1396,198b3206cfb3ca9670002134267b43c30600f370e199d3875fe779d0013f20c9,645504b9699e9cf9b1e2b883499f0ded389bdbf2d188360711990ad7b93b11be
423,RTU-2026-CS-000423,Yuki Berzina,Electronics,2026-04-04,cert_RTU-2026-CS-000423.pdf,1367,a7d307323989fa4cf461743e80f201e04a8481374222ae72625ff64c628bccbd,4e8df00d138d832433a9b8b7e8003bc38f62aea561a7faf39a2f2b93c9441ed1
424,RTU-2026-CS-000424,Omar Ozols,Telecommunications,2026-05-05,cert_RTU-2026-CS-000424.pdf,1382,0cf79a84dfaf3163b85699e1e65f12022953fed9bc9888d5afd53a3853c4f900,3f8f1f62b345a11f76cf4a5e80c48bd6ffa8c267bc9267002ef4dd38ad9fef02
425,RTU-2026-CS-000425,Anna Kalnina,Computer Systems,2026-06-06,cert_RTU-2026-CS-000425.pdf,1395,d7ac62361af581327fbcf5a924649b85da64040a8269f47541fe7adbd888d983,4b8268190f0148174092d75fc8ea627aee8f15f2d847ec255c4ed0d8e8d04b57
426,RTU-2026-CS-000426,Pavel Petrov,Information Technology,2026-07-07,cert_RTU-2026-CS-000426.pdf,1391,c0dceb14df7ddfc4a95b9360c5624e2d3faff904f8cb956e760d4a0319711a8d,a532fdf56629116f78002cc34ee3f6729af4e00f10d07b0bab426ee182408c2b
427,RTU-2026-CS-000427,Nadia Liepa,Applied Computer Science,2026-08-08,cert_RTU-2026-CS-000427.pdf,1387,9ca4b18bfafff97979f4b6a680f4fc21ee62121e608a805c45571cbfbc2e9ad5,af3d7708885e040ff2e32add4ada8e178f5f98edcf7265a21b96c1c870d22042
428,RTU-2026-CS-000428,Tomas Vitols,Electronics,2026-09-09,cert_RTU-2026-CS-000428.pdf,1370,87529130aeac84e0af1e1c0eb1322d6deb7dd09fe259c75d183b3df3b92de459,d093cd409ac7937330da6a4e79230a66cc9494f68a40fc580f0ccaf160488fb2
429,RTU-2026-CS-000429,Ines Tanaka,Telecommunications,2026-10-10,cert_RTU-2026-CS-000429.pdf,1393,0f1e83dd6a3d151147d014d547b16865f879d7678266888909979ee4751427c6,df374be4f2973332597a43b10acbacee4d35cd9cca2de096feb9d0c81537c2d3
430,RTU-2026-CS-000430,Karl Haddad,Computer Systems,2026-11-11,cert_RTU-2026-CS-000430.pdf,1391,43bd9121c2688a1043c6909fcd317cb035d9b0b6f6c35cec7b7ee414ecfd735a,b8e05a9c73ce8268c1264cbafc4c287a0600d11de5d478b5d7b5f70536b1bc48
431,RTU-2026-CS-000431,Rita Novak,Information Technology,2026-12-12,cert_RTU-2026-CS-000431.pdf,1386,4d12c64dd526a1fa0313b5a0c704539aa3fad4c86a5bc4b50e1812de291a0951,547f505639f6089ef125ca4ac64d6824c6986f64279a78078760aa7b119326cb
432,RTU-2026-CS-000432,Hasan Saar,Applied Computer Science,2026-01-13,cert_RTU-2026-CS-000432.pdf,1388,905defdc537ca65f06b483574a7ea3b3e6afd7c994c7bd685d741cb409f0b629,721778388b9c33d7eabb23fa52a2ad20c6b5e3a8b368c73f4aaf97466a8e0bce
433,RTU-2026-CS-000433,Elina Lapsa,Electronics,2026-02-14,cert_RTU-2026-CS-000433.pdf,1385,4a8c78623219b303fff401a3eef24a3a262a07f7d2989eca230e71564d68d51b,61ae8cbd280604b4a83db8aadd5c578c86e4f0460c0c4790b0f9cb8020969577
434,RTU-2026-CS-000434,Janis Costa,Telecommunications,2026-03-15,cert_RTU-2026-CS-000434.pdf,1392,a9c113a2b066f533213110bd5e7a01ab46233912b986787020419f3f86882b43,e81a60ba5ecb44c9c1659336c11bdfb2620136c0388884c9ca035244d53b1860
435,RTU-2026-CS-000435,Sofia Meyer,Computer Systems,2026-04-16,cert_RTU-2026-CS-000435.pdf,1383,4d02bc87d575fc2e2f43179722f980ba4be31b7c6ec2089125ab7727e949f298,ecca8c7a281ed40b6c40d830c4582441bf8651bbb59cd7f8efee991387254bff
436,RTU-2026-CS-000436,Marko Zarina,Information Technology,2026-05-17,cert_RTU-2026-CS-000436.pdf,1387,0f88224ce900124ad435b540ef3dbbc05f292a3be519b077c650536b9e410d45,1b1f33d4af64731a90d3cd6f35b6dfe63818b05e619e0745f2f9758788e02dc4
437,RTU-2026-CS-000437,Liga Turan,Applied Computer Science,2026-06-18,cert_RTU-2026-CS-000437.pdf,1401,8a47a01f6d5aa95021fbf0165d6b31342a9f07961a787d5aabb053648f192cb2,f465fe3bc68a31c3739379107c32bd76f63847dee0e213141a157f1345b8159b
438,RTU-2026-CS-000438,Andris Berzina,Electronics,2026-07-19,cert_RTU-2026-CS-000438.pdf,1382,b13a27dd6649ce27725189c1da2063ef67c8b36d24b96178d1e695ba3ce165f7,e9e4e4acfd1c030b936f1915676649462b98753b36dc2dce5218cd58a193b83b
439,RTU-2026-CS-000439,Yuki Ozols,Telecommunications,2026-08-20,cert_RTU-2026-CS-000439.pdf,1382,dfbb73f9fab64bf083fa55d653afb4fe6624d2d6fd17b859397b45e33cefd55b,c19dd496fbd7fbc47f4afb5917f9434dc1d72fcf959690ba064e2296530c5acf
440,RTU-2026-CS-000440,Omar Kalnina,Computer Systems,2026-09-21,cert_RTU-2026-CS-000440.pdf,1385,0cf039b8d4004f6ea085112bfe77557bb971542faea36c6103a90141092a45fd,449df56b9e2bcb2128ba07152076a7e7241ce29c1960519b9081f82a084cb175
441,RTU-2026-CS-000441,Anna Petrov,Information Technology,2026-10-22,cert_RTU-2026-CS-000441.pdf,1396,5a0081916790e87222ac4a5a5b8320358b7000a0c820d76a22c89cc25f0b56c1,ee0317cef331ebbeca97f966b56183641b793e25cf726758646f7d9c924fde22
442,RTU-2026-CS-000442,Pavel Liepa,Applied Computer Science,2026-11-23,cert_RTU-2026-CS-000442.pdf,1395,5c0b3e0189951a562c69ea874eb48f97233339f770734c1ca2fe0f8392f7581b,a10f9d76d0bfe42694a2c19353f5e58a92f6e3466513fd2a08d6cf28e11b545b
443,RTU-2026-CS-000443,Nadia Vitols,Electronics,2026-12-24,cert_RTU-2026-CS-000443.pdf,1371,a3338b03c3584444c05a0ec4d739fbcee173c715e26a49c393132da40ff5bc53,77d26f9bc34e67247ded4c3637135b44bd2daf598bcfbeac57ec5153721a1ba8
444,RTU-2026-CS-000444,Tomas Tanaka,Telecommunications,2026-01-25,cert_RTU-2026-CS-000444.pdf,1383,d478a0787fc0772207418dbe87b13ba3ba5f3221d1e266fe0a5d685b0086ea56,7c9c8e0a4583f17eff89756ddcb682e68ce629eff44dc1de15e116c72dac32f2
445,RTU-2026-CS-000445,Ines Haddad,Computer Systems,2026-02-26,cert_RTU-2026-CS-000445.pdf,1394,ea1a5aa36dbc129469030b3327d052e979d6af0d1e4ad35764afa7f38e02c541,d4555087b4444e1d6411e43b17c9cd1ebae0aee8fd5bbcba4d26c7b67a4cf55d
446,RTU-2026-CS-000446,Karl Novak,Information Technology,2026-03-27,cert_RTU-2026-CS-000446.pdf,1393,c0185c72e5f80d982596201bda1f5c8146e53854a544b6c49122e7e54f679a48,f2e952ea38c28c70c2605ac4211ae863f734fc57dbd47298d9e42973f5fa08f5
447,RTU-2026-CS-000447,Rita Kowalski,Applied Computer Science,2026-04-28,cert_RTU-2026-CS-000447.pdf,1389,486cc78d7e3560273fcef2675f06dedd8fc49b6aec9339c1eb14b0503b3b9422,8414601f2132c7609ffddc3e735879602266bc1a0a4464c22a4c6451594d9d88
448,RTU-2026-CS-000448,Hasan Lapsa,Electronics,2026-05-01,cert_RTU-2026-CS-000448.pdf,1370,9b45e5cbfa3954dfea20fe4f96212da348126d3c22d5d6c81a18ce34f66913f4,dc02ea34098fe2a23da53d3da9bc5bd5587883ae0b541cbf376be5394202c79e
449,RTU-2026-CS-000449,Elina Costa,Telecommunications,2026-06-02,cert_RTU-2026-CS-000449.pdf,1391,c24278025576fc0479635f5fddf6c89ca6628d03b5f682bbe72a0eb3a8fce7af,011a61961348647bc8bf11c4a374ffcc8b67d0b7a2ffbb2c296af1d65e5c9997
450,RTU-2026-CS-000450,Janis Meyer,Computer Systems,2026-07-03,cert_RTU-2026-CS-000450.pdf,1392,9cd9b9783f98656fbb994f6696bb6eb16a390056a21540163c2c55ed6f7c1b3d,6f47b62bd08e475ca7ea221c2477b4c3bfe5c25a7dc25902739c7014d0981ca9
451,RTU-2026-CS-000451,Sofia Zarina,Information Technology,2026-08-04,cert_RTU-2026-CS-000451.pdf,1385,76aca3dc36abced9183f53ab510cb351024cbed42ac43053ee72d703c7f0f552,1afaf938f51400a4197bd9629df09132333610582ca215c3bbd8408a18f4c515
452,RTU-2026-CS-000452,Marko Turan,Applied Computer Science,2026-09-05,cert_RTU-2026-CS-000452.pdf,1392,e3e3e4480bc613f451fed8c22a06134ab6fe0f659ebd8580ed30fafc317f4fad,d02fdd5a9e3bdb1ff322a76b0de32c1d42fd9a769f2d889b9970734185ab0539
453,RTU-2026-CS-000453,Liga Berzina,Electronics,2026-10-06,cert_RTU-2026-CS-000453.pdf,1384,3c0eedf34c0ef6266b5cafed16dea075af52bd265e42f5f9c8c7fcca65172841,a05e955b9190d8a772af921b10063cc4b8c6cf1e81509e06935a6c0e1326a9b0
454,RTU-2026-CS-000454,Andris Ozols,Telecommunications,2026-11-07,cert_RTU-2026-CS-000454.pdf,1395,8cf8cd347d2bab9c9947e058b0a863e9aed503a2a6b3ae1dcb2560345b158c4d,6a2801c880b6aff3ae9bca4fc3ca0f89e2b9a753e0de660d67b0627239e7d7f0
455,RTU-2026-CS-000455,Yuki Kalnina,Computer Systems,2026-12-08,cert_RTU-2026-CS-000455.pdf,1385,7b8dde425a75d7f4ab1d6020f85b9e4b815aecbb35917de6f43a4314e3f822f0,0afb463309126d64ad84bb830b4c7be92f3bdf621e06cb300c2ebd925f9420ad
456,RTU-2026-CS-000456,Omar Petrov,Information Technology,2026-01-09,cert_RTU-2026-CS-000456.pdf,1385,baa96f09cd71d25ba85bc55861011f5e88c0574f687c8f1bcf4c33012a265cb3,1fb606145aa280a873f8ebf6564c30da7af161ecddccca28cb8a9c6111b5e131
457,RTU-2026-CS-000457,Anna Liepa,Applied Computer Science,2026-02-10,cert_RTU-2026-CS-000457.pdf,1400,79b1caef7f4f982779324e33989facbdcac1072c1a214d7f1d3f069357c30536,2c6e1bf7b17f04bde2a712df07f8b7d3d9995fad428510bd79837c8f1dbf73de
458,RTU-2026-CS-000458,Pavel Vitols,Electronics,2026-03-11,cert_RTU-2026-CS-000458.pdf,1380,091fbcde1ce45d35b7036b03718765640046b1fa2b5a53bb05ca2bef32ab911d,f3134449d31eb875f9f11bdc733d71d8980f29f4e423c2a9a7623c810bb4483c
459,RTU-2026-CS-000459,Nadia Tanaka,Telecommunications,2026-04-12,cert_RTU-2026-CS-000459.pdf,1383,c8d00229558ae9697209fab2999cc4efbae3fe7be9a3023dd0a06d41fbf41151,7d24f34daac4598b1877e423acca0af3a45f4990b20b7c11f3bcbd57b5fabf24
460,RTU-2026-CS-000460,Tomas Haddad,Computer Systems,2026-05-13,cert_RTU-2026-CS-000460.pdf,1385,6e1a28e213850d57940f1617ffc3f1691e86f811cbe74434aebe1cba7fc65774,3a0fb12ba5591bdc2a8010f5e6aa0e60e5ee4a3c6b558374e1d25801df8033a1
461,RTU-2026-CS-000461,Ines Novak,Information Technology,2026-06-14,cert_RTU-2026-CS-000461.pdf,1397,5fc1b9b1961d04c5e96b7a596a1fc70146646d26b729eb8c7fe49873a510bd70,2987d10a3f1a7c9da60c804ff764252d23b0501e0678f5dc02458770abcd9ffa
462,RTU-2026-CS-000462,Karl Kowalski,Applied Computer Science,2026-07-15,cert_RTU-2026-CS-000462.pdf,1400,e4cd4db2572378fe52b2522c4f1e8ed790602a1afdcb350b83f94fe0d56c04d1,31d545896a049aaa512e921a9101253b0a17f0f7e46831d6dadd69a5daac6ee1
463,RTU-2026-CS-000463,Rita Saar,Electronics,2026-08-16,cert_RTU-2026-CS-000463.pdf,1367,c8a97d9ca71d042315b148024478a356b2cff8afc77790dc927461afd5334de4,cdd50e43298dd17f7a922ab8b254e5edc24bdf7c007f8c45bb93c907452daf48
464,RTU-2026-CS-000464,Hasan Costa,Telecommunications,2026-09-17,cert_RTU-2026-CS-000464.pdf,1385,6a72cf38e60e0c909d4651afced4996304f15c0679c3a9a06f437c2de9cbed92,e9002dbb6adc971e7bccc13438ad59f201ce713f6305e44882792d49d4460acf
465,RTU-2026-CS-000465,Elina Meyer,Computer Systems,2026-10-18,cert_RTU-2026-CS-000465.pdf,1396,a8a4e80532fa3ff74f7651e37afca325ae8914a005d65c1c85ed7993ccb73540,75afe7335f64d059fadb360124203ed6e54bf6d505b2f4efab5d07c05c40a6d4
466,RTU-2026-CS-000466,Janis Zarina,Information Technology,2026-11-19,cert_RTU-2026-CS-000466.pdf,1392,22115ebee9827cb196e248b515ed878732179f55852711000f74dbe1f9dcf5f6,1778fd43a826816c01242860743d14a0b4dc8bb6668869630db256506ba4077c
467,RTU-2026-CS-000467,Sofia Turan,Applied Computer Science,2026-12-20,cert_RTU-2026-CS-000467.pdf,1388,b20631056e8488304f5ff991c61d842be0a0813e4e0634cf67f046576923298a,cbaf61327c3f2beeb7b1ec3904c9002da5229d98b59240efb543f84895e7a414
468,RTU-2026-CS-000468,Marko Berzina,Electronics,2026-01-21,cert_RTU-2026-CS-000468.pdf,1376,f79fefe8f983225f9205434b0bda8800f1ab860e1b39e2b7ef5c00c461e9d184,d36b3cd7e48c031e74c2d500bfd83ce7a43239e7706fe25b8ef7bd8b23d45501
469,RTU-2026-CS-000469,Liga Ozols,Telecommunications,2026-02-22,cert_RTU-2026-CS-000469.pdf,1393,31f1a8892fed80114f17749ba8ad14b99300396e3690267ce29c5f36b3afe168,440c8390594254d5fc63b55dabecad3f35686f3a8c48dd79e3b91f5d2409295b
470,RTU-2026-CS-000470,Andris Kalnina,Computer Systems,2026-03-23,cert_RTU-2026-CS-000470.pdf,1395,bd2a2941f33b7e22bf59d9e93bb480418f927f6987b38ac1225d6fe868e8b470,2751823a88a3dbe4390a6b30b0d39d31074e483877c7048950b8f8a528caf0d4
471,RTU-2026-CS-000471,Yuki Petrov,Information Technology,2026-04-24,cert_RTU-2026-CS-000471.pdf,1389,7bd315d1b539318d9f352ca3bfe2f77121268e3292a8183e8e9772448c75b9a8,96bb66fb6f4c9f036147f70d6d01e22d670db11db60439be63523c2b57164764
472,RTU-2026-CS-000472,Omar Liepa,Applied Computer Science,2026-05-25,cert_RTU-2026-CS-000472.pdf,1387,b1e73182518de6534a77fe7267b2ef3e994d2af2353941c33c9689415b478f37,e55dc876df072f88370fccd99f7fbfa94ee52ccb2fea152770b048fe45d78eb5
473,RTU-2026-CS-000473,Anna Vitols,Electronics,2026-06-26,cert_RTU-2026-CS-000473.pdf,1386,1cbf7ccce40c726d5d8d93d1c00532917e387a8cbd031c790bfc7f42b777ec66,382a9cadba1f98b999181b7c148e8a7b7a3201037ffc70aad8d5e872c42353ac
474,RTU-2026-CS-000474,Pavel Tanaka,Telecommunications,2026-07-27,cert_RTU-2026-CS-000474.pdf,1393,7842a574bd879570c20b5c9daa64fd3645d51eca0d2d2f164938dc9ecd840bcd,9dad553ad66d5394e1c8cee5770f29a74cc4552846f68911e12dc7de64e7e3ff
475,RTU-2026-CS-000475,Nadia Haddad,Computer Systems,2026-08-28,cert_RTU-2026-CS-000475.pdf,1384,7e62017ff207da5285bbdfe7b26ecd5b7cf796783906fa8c3d52ae18725701ae,75db67ed9add45050e7fa2ea17f94c94a83555562dd185d5106c7655a0e3b1fb
476,RTU-2026-CS-000476,Tomas Novak,Information Technology,2026-09-01,cert_RTU-2026-CS-000476.pdf,1386,fc7d0a499103d6b68973c9cddf2f01737529c1089e61b73a0505117eb6427a0c,d50e172301e87de18c969f5cb0158090651eeb616c5b639fee5619d2661be4e8
477,RTU-2026-CS-000477,Ines Kowalski,Applied Computer Science,2026-10-02,cert_RTU-2026-CS-000477.pdf,1401,ae3a69d5e18134ba669e5303d5d4178e9c992b45996bc7597e7d48e4485253bd,610d53fbe27d602ab1387abbfe1356e41e32dbc05a9c7743acfd57411f9eb66c
478,RTU-2026-CS-000478,Karl Saar,Electronics,2026-11-03,cert_RTU-2026-CS-000478.pdf,1378,1d8f6ebb3424ee43ecadfe032bb8ce9fac8b3b2dcdd8e2fa7487798d79569fc8,b15fbb4ee3d1be9f941ecedfc12fd488f72e03cc01f8ab2aadec79f9a09dfd3d
479,RTU-2026-CS-000479,Rita Lapsa,Telecommunications,2026-12-04,cert_RTU-2026-CS-000479.pdf,1384,a6bfca02db5a1e54a8b8be328431899724a00945544c9add3459a9a8a7a7c8c5,6844e19a659d344a2942b80971f3bd1515b732edeb251748a2ea78f8468d7a9f
480,RTU-2026-CS-000480,Hasan Meyer,Computer Systems,2026-01-05,cert_RTU-2026-CS-000480.pdf,1386,72a7edf1bb6f34f8eed4418dfc0f5023a2e22eb58a591cabb71e4859ef6341c7,a92afd29957274beca92ac06351ae6ec88ad611c0636cabab4376e6d55ec596f
481,RTU-2026-CS-000481,Elina Zarina,Information Technology,2026-02-06,cert_RTU-2026-CS-000481.pdf,1396,5eba661699ac64879d32b7bed00c5d5b78d1b7aa880960942cca6ecc9977bf91,59f04b4d7a68bb6897a97c1be67e34dc693536e8271e34a2608a473bd8ec739a
482,RTU-2026-CS-000482,Janis Turan,Applied Computer Science,2026-03-07,cert_RTU-2026-CS-000482.pdf,1397,960a0f12a7a6218a853c035b5a76a755d22de0696831b52db9be069728a10dc8,4a79aec7275d5715292f933e7d63a1dd7a56247f834a1efe836f1b4c36816bf5
483,RTU-2026-CS-000483,Sofia Berzina,Electronics,2026-04-08,cert_RTU-2026-CS-000483.pdf,1370,1ff632189c4ec57af968021de6c669b9ee136f03cad40c483dc152dee71a04e3,9b46c8be9899633498924051cf3978a833348d19d1a83d9ec0fe75afa5199590
484,RTU-2026-CS-000484,Marko Ozols,Telecommunications,2026-05-09,cert_RTU-2026-CS-000484.pdf,1387,64966347c8b4f9fa2473d6f4395ccf3241fdac0f67f3111de068b861d735db3c,a2b11e834a47fe18e0532be15967658180b66437cd0b910c02cb8ad224ef982c
485,RTU-2026-CS-000485,Liga Kalnina,Computer Systems,2026-06-10,cert_RTU-2026-CS-000485.pdf,1396,203da7fed296ccf1ac4ca415d08fa827b4330f040e11d62fbca6d36c4bb0325d,f60c836df1a6c3bef86fdc84073d55eb06f14f75f96e0061c6e25307dd661b23
486,RTU-2026-CS-000486,Andris Petrov,Information Technology,2026-07-11,cert_RTU-2026-CS-000486.pdf,1396,9d2a8b207d97d178deb5787dc1cb3bb789f6695121833ae54cbb475ea9855efc,a2d54cb90b0b7e16436e109ca2dba8c241ec45e1cc47ba96d58891395fd0cd3e
487,RTU-2026-CS-000487,Yuki Liepa,Applied Computer Science,2026-08-12,cert_RTU-2026-CS-000487.pdf,1389,1863eedfee49962af83c6f2e812be96bd2c13ceb9bae4ba7c57cfc7ac9763ba5,998aa24de90d47c5e18a894f43cb886b72193c2e56a20c5a3141916a6d8aeb0e
488,RTU-2026-CS-000488,Omar Vitols,Electronics,2026-09-13,cert_RTU-2026-CS-000488.pdf,1371,7d19f7bcb4d05c54133fbdc40894b76978d33011e72d030d09a132fc070049da,b08fddeb7e09bf4fc07f239f71359d4277d62c58077b4c7e3d583101b92d9691
489,RTU-2026-CS-000489,Anna Tanaka,Telecommunications,2026-10-14,cert_RTU-2026-CS-000489.pdf,1396,b780639d03ec2af3384d6d77ba2ec4bd987ca1608becce72cc2b30cd0cb8d64a,97863a905926fe84679a110b15835778e1d3262a472378372109e8869c9662d2
490,RTU-2026-CS-000490,Pavel Haddad,Computer Systems,2026-11-15,cert_RTU-2026-CS-000490.pdf,1393,b99304d903af1726e8b52d8957f27e14d639b836d8b31e9c1995ce819d131a19,6bea7027f9150a080eb93a5e1cddc7ede17f840412ec9bc8c04696813dd8ecc1
491,RTU-2026-CS-000491,Nadia Novak,Information Technology,2026-12-16,cert_RTU-2026-CS-000491.pdf,1387,82809ebf1192b713f19754c3d25cb60a6a2f3c58c8f05f8063bd662eb08fd665,96432fe39607b918a8b282aea807fdde3a6f51c81d66de7528c36f0a9075de37
492,RTU-2026-CS-000492,Tomas Kowalski,Applied Computer Science,2026-01-17,cert_RTU-2026-CS-000492.pdf,1394,ceddb7926ad9dad78a9bfb1b653a44fc5802a74b96298a1189f65080ffee191c,977da0acc02031caaf64302e43b6115f4e7a517f13ff164f40d8db73d404954b
493,RTU-2026-CS-000493,Ines Saar,Electronics,2026-02-18,cert_RTU-2026-CS-000493.pdf,1378,d10b4c39a2b656db1c2a8c068bd4e6697a04b113010d8d88def05fbfe7ce379d,c41897386f54d53eacb11f247dedafbcfd265a3d74cdf64b3f56591aad925048
494,RTU-2026-CS-000494,Karl Lapsa,Telecommunications,2026-03-19,cert_RTU-2026-CS-000494.pdf,1392,2b5b56e16333512e992d163dd149e7970eeae70805888ac327c33792e8704bd6,c076c0e1dfbcae918c209ccfb150bd46b78ec998f609ce2d4776f7ef50430f8f
495,RTU-2026-CS-000495,Rita Costa,Computer Systems,2026-04-20,cert_RTU-2026-CS-000495.pdf,1382,e167a9ffa4a430f4db46b536e2375e143f78f550a90413d363dc6e70a7acdece,04290c0d6b9fae2e904e4bbc3038227c1b2f9e9e6f7ba24369d50bec9a74bc1c
496,RTU-2026-CS-000496,Hasan Zarina,Information Technology,2026-05-21,cert_RTU-2026-CS-000496.pdf,1388,3e44dcc48fa42207e5dd9a5d73eaa701b655b2fef57d485d1851223cae59ca32,cc0c49617bf8a386f75bfcbed9384c47c09da87a34e0133fbd957d731823c82a
497,RTU-2026-CS-000497,Elina Turan,Applied Computer Science,2026-06-22,cert_RTU-2026-CS-000497.pdf,1403,71099ff9b823f5f9283c781b7a62bbb988e3e2ec9ea9fa417684c75e2c83501d,0474a91a3761d2983650181d26241cdce94a12f713ccc62d16180d4113f68cb0
498,RTU-2026-CS-000498,Janis Berzina,Electronics,2026-07-23,cert_RTU-2026-CS-000498.pdf,1378,0b01cb7dd901ced02a870feea32642a7329cedec90e1f1bade71ab3513059043,1c011aafe716095226c2b12c76faf4a27d25efca66111b3dd2c1dc95a3588ae1
499,RTU-2026-CS-000499,Sofia Ozols,Telecommunications,2026-08-24,cert_RTU-2026-CS-000499.pdf,1386,c140c159a11a97f41df0df9ae74ddb514dc29b65d2fcc51a2fb78101a0837b0d,929436c0dc88634ecfe93b8b0800994d735cf46e40ff313f492e900188b3e25a
500,RTU-2026-CS-000500,Marko Kalnina,Computer Systems,2026-09-25,cert_RTU-2026-CS-000500.pdf,1387,f20ce5fbfcc212e00902404508e4f89d7b6077e5fd0bce90530e33e28b98dda1,fbab4bdc7a044960324c7e9f3e06d249ee562984d3ca8de72b32f0fb16a9b426
501,RTU-2026-CS-000501,Liga Petrov,Information Technology,2026-10-26,cert_RTU-2026-CS-000501.pdf,1394,1b1d12c99df360fe1cb0762c133c4f83906d1113a2eb3edbc0838758dc8eabcc,ea6143ac8e27b1b98a31c9620e8324f330c67b395663d0a0a466243faabbdb21
502,RTU-2026-CS-000502,Andris Liepa,Applied Computer Science,2026-11-27,cert_RTU-2026-CS-000502.pdf,1397,774addccbf813ae227eabe58cd448069f83bab448b30bca664ffea57fe8119af,3cea92dbcb7676e04bdc70dd35b0a6d6dfc198b98d5365659db9aa454261a12e
503,RTU-2026-CS-000503,Yuki Vitols,Electronics,2026-12-28,cert_RTU-2026-CS-000503.pdf,1370,525a068e8caaddd9319b14fa781074833e43444bf5fa4ddd5cb18df7c5c31844,07c20033b6c624796442a784ac168b25bcfd9befd61b16173f3c2d729ac47b59
504,RTU-2026-CS-000504,Omar Tanaka,Telecommunications,2026-01-01,cert_RTU-2026-CS-000504.pdf,1383,42721d518aedd27b9787c5f3635fe236b9ce8cfc630c03c87be87a18494e17d3,a9378e190b0e76ef95e40bbdd5642c83b1d4c7e8416567e88a3d069e4fc07894
505,RTU-2026-CS-000505,Anna Haddad,Computer Systems,2026-02-02,cert_RTU-2026-CS-000505.pdf,1394,ff5bcbe0a14ef3923fdff78bc2f2e8ebe3b011d94d2e13a93ee8f1ec7fdde6fb,9bbb5f1f1d3cadb0e065d3a02306677b7cfafedb240470eb0dd2a170e7a96f15
506,RTU-2026-CS-000506,Pavel Novak,Information Technology,2026-03-03,cert_RTU-2026-CS-000506.pdf,1393,057c9927a68c8be1667051742f9c5076baaef14466abb22b9f6f7a42efa79a90,4e8c925916740fb43307ff3e94a1fa585026482aa7843c1bb88fdff809a1ae1f
507,RTU-2026-CS-000507,Nadia Kowalski,Applied Computer Science,2026-04-04,cert_RTU-2026-CS-000507.pdf,1389,73b83c01104227aae13e6edd0b3ae22986daac7e1dbe9f0619318e15a783a77c,732939cd0bf8995440c38c584e8212b89ff72651110a9f54dd4e2196b179f57f
508,RTU-2026-CS-000508,Tomas Saar,Electronics,2026-05-05,cert_RTU-2026-CS-000508.pdf,1368,f6dad67bcc64f87816f5ae66225e99be9eea31369766a9d722494c8c19cbbd2c,b5fd1835be3874063f6da494aa740dc11621243b6c81830d6069b850d7e4918f
509,RTU-2026-CS-000509,Ines Lapsa,Telecommunications,2026-06-06,cert_RTU-2026-CS-000509.pdf,1389,1eedb856054561e1d30905e9a674a49668b77fb4b98b3e7cdc8499ab1cfae53b,9f58de8abd1f94f40fa847c746ce15da5341677f45b964e1f6a9cb0724db677b
510,RTU-2026-CS-000510,Karl Costa,Computer Systems,2026-07-07,cert_RTU-2026-CS-000510.pdf,1390,68e4c168979d8c5991fd2a179b1fce4a319c4f03d1fef7ffecbd32b096b09f43,63402acc3983a1cdf98699b074b46d0442ad45251629145c4f9d5227aec7bffd
511,RTU-2026-CS-000511,Rita Meyer,Information Technology,2026-08-08,cert_RTU-2026-CS-000511.pdf,1381,09cd92ffe3bc872dac714b74567c40ff898a5181c28f801f22e38e511fe7f68f,d3c635526a84f7c11365a45b080bcbe8b88b76e85d5c10374f759f4e7173bd1a
512,RTU-2026-CS-000512,Hasan Turan,Applied Computer Science,2026-09-09,cert_RTU-2026-CS-000512.pdf,1389,150125f32bd8d22cd70e06d2acf106ce8b28729100fb18f9f8287f40fa23010c,abdffe1cd9dc324f46cedb77e9539b695924255a2e05829e06422dd34a02143b
513,RTU-2026-CS-000513,Elina Berzina,Electronics,2026-10-10,cert_RTU-2026-CS-000513.pdf,1381,daf6b7714a0f62ed83ec01fa30f316b6db5078fc1d75f8d1f77cd92b089c0437,a2cfbd9d04bdae9be2de9d0b8ea021b3108d0321d64e4c0a8309f26ea8b64395
514,RTU-2026-CS-000514,Janis Ozols,Telecommunications,2026-11-11,cert_RTU-2026-CS-000514.pdf,1391,20ea14d537ff7d6c4360e91e10cb4cfcbcf87fb97918903950aa6ade2e400438,f8dc40368475315e41eac170762090a568418f28d91c188f7a831d6583a1cb75
515,RTU-2026-CS-000515,Sofia Kalnina,Computer Systems,2026-12-12,cert_RTU-2026-CS-000515.pdf,1382,28a4335436d68ae39d2e64e29628440998918438900452ba712c793ea0362f2b,f8ae2fa263fce5160d719d332e312716e04448de79c3446765d8c756c9b048b4
516,RTU-2026-CS-000516,Marko Petrov,Information Technology,2026-01-13,cert_RTU-2026-CS-000516.pdf,1388,1a50a5a5f92924ae9e0499698490cabac06625d6e7049e8fa7b2c1a745ef70bf,7ccd32ff5daeb8639359707ecdeb0545c58967519b0d4e2daa5981e2e4b0531e
517,RTU-2026-CS-000517,Liga Liepa,Applied Computer Science,2026-02-14,cert_RTU-2026-CS-000517.pdf,1400,454263ddb1a67d35b32244c250e036bc32d5c30de10fce0f0e15404969a30c43,e212e9eebb39a5cb550f0a96cfce925bc1952a494597056effdf2cfbee4d5c10
518,RTU-2026-CS-000518,Andris Vitols,Electronics,2026-03-15,cert_RTU-2026-CS-000518.pdf,1381,3d8954670583d365808dd06e7049924f1e26a2eaa8440c82909dc48995a31a4c,213a737f4977b3252037f758f5123735646d29813bc0e987c4ea68e7e1b12231
519,RTU-2026-CS-000519,Yuki Tanaka,Telecommunications,2026-04-16,cert_RTU-2026-CS-000519.pdf,1382,09cb430a6d4ec48ef8e124a9ea2ac5c02a16b0eda0bc6fdd11d4ce9a6a96c2c8,280926c63cf7626c473ac9094b902f996511d6d648420aa84d550384740e7256
520,RTU-2026-CS-000520,Omar Haddad,Computer Systems,2026-05-17,cert_RTU-2026-CS-000520.pdf,1384,3cf34d112a5203bdd8d985698d696cdfe94c46527f953be33bbf3045b724418d,7b76165de9179223b7da285fc61ac58dfa2cd530a0e23004297218aaeb2ae0b7
521,RTU-2026-CS-000521,Anna Novak,Information Technology,2026-06-18,cert_RTU-2026-CS-000521.pdf,1395,e3a4874cbc35b9263d90a4cf4120618ac7ba4bae12cf80cb9355b1d4b06beccf,fba22e55710a06676dfe682997e2b6aead351eb1f35c43939f96fdcfdf69df86
522,RTU-2026-CS-000522,Pavel Kowalski,Applied Computer Science,2026-07-19,cert_RTU-2026-CS-000522.pdf,1398,25356b2ba9b90d182e1f1b1026db34b0df770038dab7b5fb2eb7589a39263715,9573638e9b91f99b5c55a35c6228295c20348c22acca5807c3f7e9c20712fa2a
523,RTU-2026-CS-000523,Nadia Saar,Electronics,2026-08-20,cert_RTU-2026-CS-000523.pdf,1365,22831e03ff0d904d820aaee74350b153dfb919090d548ed32251ba6365e70b7c,1b4610dd9cb8202f7ed228aee9dbc58b50ee996393cd6175126e2dd57c5189bf
524,RTU-2026-CS-000524,Tomas Lapsa,Telecommunications,2026-09-21,cert_RTU-2026-CS-000524.pdf,1383,571e635ed084c8010a02766f1ec2882fa06159521432c046679b082dda2ad9a3,60c8ebc71020218520ee7cd64fa59b8735a34c1760b446bcef7ddfc38a84caf5
525,RTU-2026-CS-000525,Ines Costa,Computer Systems,2026-10-22,cert_RTU-2026-CS-000525.pdf,1395,cf2277153e9ff7e4d7d1491fc8297daa2263f5362abe2610a4e25be25d6eedb1,a117af4f9076eb5b0dd2356931f5d647e13216eb7d3c00d05fd552e1788dbb1c
526,RTU-2026-CS-000526,Karl Meyer,Information Technology,2026-11-23,cert_RTU-2026-CS-000526.pdf,1391,13a737bf2b0efc206d357f55870661f9946489fc456a11564b00949f8f0e02cb,7ee8032bd5e6f5cc451f4d10c0f1ce534aaefa133c81d459b73caa87de2eb1c1
527,RTU-2026-CS-000527,Rita Zarina,Applied Computer Science,2026-12-24,cert_RTU-2026-CS-000527.pdf,1389,da821cbdd3251ea724eb3cd83dea270b756cc5bc7ccf8cddd092f018a724a62e,446a5f444277e5fae0ea47f08359d40ff5a72ff3dde5f6fb8194531f533cba1c
528,RTU-2026-CS-000528,Hasan Berzina,Electronics,2026-01-25,cert_RTU-2026-CS-000528.pdf,1369,1000ef097475e9b0f271d10b6d2f49d24e33042ef3ca3bac6ccfcf0efd932f7b,6932cf0c1265bd17b3722252828921e17a6794d66637849e9d0caca70c6e2d18
529,RTU-2026-CS-000529,Elina Ozols,Telecommunications,2026-02-26,cert_RTU-2026-CS-000529.pdf,1394,43e518fd087121cfe7b10d12db3f17c928d50004a609ae71a5cc911a68f43f53,1cb305296834494fe14750a8f417daeaf33474c5e7ffc7de98d1912f3fe7f7f5
530,RTU-2026-CS-000530,Janis Kalnina,Computer Systems,2026-03-27,cert_RTU-2026-CS-000530.pdf,1395,a73064e07bb0478c478d9cde9b22f8d80569b84e84bef29a3538aaf3ce4e2b9f,682967b70ddad7bf1aa48b19f48f2faf1f76b441ef7d7ce8c8334387cb6c32fa
531,RTU-2026-CS-000531,Sofia Petrov,Information Technology,2026-04-28,cert_RTU-2026-CS-000531.pdf,1387,ea7d0e4cf89b13b8132ed9d908741afcc4ff3c205151cd71efece1dbef2c0a89,eff52823350bb5e5b124d1fc4f26cf0d9d31ce8855ab5ae7db7fed32f6172229
532,RTU-2026-CS-000532,Marko Liepa,Applied Computer Science,2026-05-01,cert_RTU-2026-CS-000532.pdf,1391,b836bdc4e93df358751ff3e815100e404f7430e99143a660654b81ed17b46fb8,c126d4b473b02bdaf635b4a646181df87c758d36a8b2df038eaa67c03f01b6ae
533,RTU-2026-CS-000533,Liga Vitols,Electronics,2026-06-02,cert_RTU-2026-CS-000533.pdf,1381,96829c145b8938678953b0bcab8eb4cca2e7e3530b405a58a5668b4bada6e44f,87c3be73a54b484928eaabefb5f039ef7a07e7049fe49d55801a4aeaa90bb112
534,RTU-2026-CS-000534,Andris Tanaka,Telecommunications,2026-07-03,cert_RTU-2026-CS-000534.pdf,1394,116b89cbe2cf291676400a59900e6b28457757f233564dc2067e3de85ea713bc,331e8c390d69e3a69e1b6b1c2ded3660f939e748d53b3065475dce90c30205e1
535,RTU-2026-CS-000535,Yuki Haddad,Computer Systems,2026-08-04,cert_RTU-2026-CS-000535.pdf,1383,ae620e6b53c8e6ffc52b3d98800f8f014b30a90cc29c8e63b7c4d1f906ef4857,4e8a497bc0a59b14c8d2e669070352a195eecad498691cfb7a36cb0f088823c0
536,RTU-2026-CS-000536,Omar Novak,Information Technology,2026-09-05,cert_RTU-2026-CS-000536.pdf,1385,9ecdd8714d1f7f09c5fe0532c913972d5ac5bc7ac07165e95fd7a15ba48ee1c3,e0df4cadaf97ffa1988af3eb23f22add4f9eb14d3982809072641070772d0894
537,RTU-2026-CS-000537,Anna Kowalski,Applied Computer Science,2026-10-06,cert_RTU-2026-CS-000537.pdf,1403,6b5615d4b5e34ed3e8c5e16ecb9697747854220bf32697a10d79751fd37b9dd4,d5acde0a0043c9a892abed4360377702e6e63cedfe0c5b91633b248190ac4856
538,RTU-2026-CS-000538,Pavel Saar,Electronics,2026-11-07,cert_RTU-2026-CS-000538.pdf,1378,e93e4bde0ebd884fc90380b6c795dae503fb7cd0a5c208512141ce61b7f6729e,19846bf21b5ca8a3c347511d5dca5fb8b946c7761e75e404c2962914f3b9cc58
539,RTU-2026-CS-000539,Nadia Lapsa,Telecommunications,2026-12-08,cert_RTU-2026-CS-000539.pdf,1384,cdda32b37c243ba527c269c4e3d973df19882158ed70a77e914fdbd1852ec833,8d238b64fe2a76ba5d439ad2e26eb1edecd026b8acaccfcbc8d182ed58634731
540,RTU-2026-CS-000540,Tomas Costa,Computer Systems,2026-01-09,cert_RTU-2026-CS-000540.pdf,1385,43ea5bbee86d5b76e5f7eb4ec1e6e4d5b88a8b2ef3e8d1b5d125036586f666fc,02b5d9b10deffccfc3f6b69c92e4696dacf7b16c1383576d7f1f5d990252a724
541,RTU-2026-CS-000541,Ines Meyer,Information Technology,2026-02-10,cert_RTU-2026-CS-000541.pdf,1392,6383943911927f8cb98dcbad5ba9d2e81a126de37f28fdae001a30c5d0e73add,e2e377a89f0e7912d59eeadd72ab5fbfcbadb39d6eb77dd1649fd2266301365a
542,RTU-2026-CS-000542,Karl Zarina,Applied Computer Science,2026-03-11,cert_RTU-2026-CS-000542.pdf,1397,14666802df5d81c7d1d0d5e4b2c6020ae2a09ecca2b32c165b5869c4e1e982ae,458fd8e5fd7259a147ff39a9f783f1201abbd006c0677c8e652c2b5bc79ac6d5
543,RTU-2026-CS-000543,Rita Turan,Electronics,2026-04-12,cert_RTU-2026-CS-000543.pdf,1371,23e315505368b3e7c7c3f74a896cc5b91869b72ed2ab7ad683f643a9540a5e78,26b6628d02b7b03fb55200885843fd544112a4dc48d95f7591ca98b03b073b35
544,RTU-2026-CS-000544,Hasan Ozols,Telecommunications,2026-05-13,cert_RTU-2026-CS-000544.pdf,1388,9700495b4e3d8ad407e01db0adfc290ce167efb499fff8b5f0bacc028b09c3cb,f9ec2d85b28af421fac7b8ac65c08f4d752a64e9bb7a75d5eb75056391ac8c26
545,RTU-2026-CS-000545,Elina Kalnina,Computer Systems,2026-06-14,cert_RTU-2026-CS-000545.pdf,1401,df67a7a9223573f42141b45f4a3ef12444e4bd7844f887425cd006221ce76e5c,cac63df1187166667acf96785016500c7a66080bfa0d2db2669ab558b8a3aaab
546,RTU-2026-CS-000546,Janis Petrov,Information Technology,2026-07-15,cert_RTU-2026-CS-000546.pdf,1396,8b89c3b4a2a3d8ed22cfdb4c83d37db11ed266c9a389817df26375c9e100c59b,96186a263a2e56729e4f5b31aaf252468d4714dadece6eb36b034f2849afec99
547,RTU-2026-CS-000547,Sofia Liepa,Applied Computer Science,2026-08-16,cert_RTU-2026-CS-000547.pdf,1387,7e0c3d15d9ec32175ec2673eb6d0b6d79ee8069fffe1c8a04ff74b43e71cfdb7,63c60f12f3cc6b11933547a1016f8a4d5d8b24277f66708d12ec526e5e993e09
548,RTU-2026-CS-000548,Marko Vitols,Electronics,2026-09-17,cert_RTU-2026-CS-000548.pdf,1376,8c16e0085ec9460286d4e8edc52811b947456f9e278a66607e9875dd8e501a88,b206856a93ccc7e9e499c37bbf0c58eaea7213379fbe5e5178858439e65561e0
549,RTU-2026-CS-000549,Liga Tanaka,Telecommunications,2026-10-18,cert_RTU-2026-CS-000549.pdf,1393,925d89569dc1dab552f6995391addc38c0631b2a833e7c5a36801c78af9e8920,eb2908fcb8078af53da5fcccbf583742a0eaf50ccf8cebf520de0d30a0535547
550,RTU-2026-CS-000550,Andris Haddad,Computer Systems,2026-11-19,cert_RTU-2026-CS-000550.pdf,1391,9bf66cb9391d039775fa548728b7ee70ea5e51b582d5a7c0ff624444615d7d8b,7019f0df7e90e90325b707d5ee6404d17e6a6137bfcf5a9202aea699782667f2
551,RTU-2026-CS-000551,Yuki Novak,Information Technology,2026-12-20,cert_RTU-2026-CS-000551.pdf,1384,aea634b2fe7f3e9ec9e50ebf80955b669673032bc63b56f83135e2a8c8dabff5,e867afaa42b05ddb20211cb0df897ed699d5d0da1378b9808f060b4365c34b4d
552,RTU-2026-CS-000552,Omar Kowalski,Applied Computer Science,2026-01-21,cert_RTU-2026-CS-000552.pdf,1391,84647a87a4fda5407d3c7e9706d4bfe1ccf9013e53f9c9ae42ef46968f9e6070,d56b7df31ce666019f8266d681a0936858f1773b6eec499ebf4a35e72450ecad
553,RTU-2026-CS-000553,Anna Saar,Electronics,2026-02-22,cert_RTU-2026-CS-000553.pdf,1376,4abae1242e2f396657f35d92df567bccd4f5a3394b3df952d388edf95cdeacd8,8dcd6399ea30b20811a515d19dcf5d36e8b6ffd16ddd8bf9534f02ac67df2aaa
554,RTU-2026-CS-000554,Pavel Lapsa,Telecommunications,2026-03-23,cert_RTU-2026-CS-000554.pdf,1391,a8bf05b321b7ea9388f5d876f81d769a704c98ee3ab924d70d4149f69810f989,16267397232fa2d9b98a01bcd4da6fe5cae9d4c72cc9c01f53e8ca5c64d05124
555,RTU-2026-CS-000555,Nadia Costa,Computer Systems,2026-04-24,cert_RTU-2026-CS-000555.pdf,1384,67137ee5119aee9fa25b261e0d315849b6ac8ab6539a1ae916b16fa3893d8874,892d64a07326c11e12463252081be2b70b9abac8578c46a45a49ea3d76986c2a
556,RTU-2026-CS-000556,Tomas Meyer,Information Technology,2026-05-25,cert_RTU-2026-CS-000556.pdf,1382,755ab84079f150e27693c331e38c617920a29b8cb64479d28f7180566df0f7d0,ae88aab7225d3572d10692fa13e52c93fb1ffe3dfb4f0bd2429cc18c6c73e4c8
557,RTU-2026-CS-000557,Ines Zarina,Applied Computer Science,2026-06-26,cert_RTU-2026-CS-000557.pdf,1399,f5f2aa060640a16d189fec0a6ee3840f009124f6d281418d999f14b4dd3b92a7,2c8908fbe9ebb42eb7725b81ce81ecb08938a66fa28a111ddc89d169f7ffc90e
558,RTU-2026-CS-000558,Karl Turan,Electronics,2026-07-27,cert_RTU-2026-CS-000558.pdf,1375,e6527010a6c065933b0d6d3fa7cb7fb770315f1ccd5a01209778fdf7d4f89ae9,e485e8ccfc5517b4e5312384138f42a1a1b659fca6ff6d8ef1d8593a726a6d45
559,RTU-2026-CS-000559,Rita Berzina,Telecommunications,2026-08-28,cert_RTU-2026-CS-000559.pdf,1381,a4c254c2e681a6e1bb595a3d66e58b34b6cc77f53cf87918358c41f03938304e,ed38d962ba7bf6bd42a4386f5ff6308a4cd6b98729d73c33cd5f03aa07bbba69
560,RTU-2026-CS-000560,Hasan Kalnina,Computer Systems,2026-09-01,cert_RTU-2026-CS-000560.pdf,1387,ccf64ceef68500f4a9781ce01efa6159492828b377f7faa6dd9930270e308d67,1abe464c9e0b998c9f75add2d4a718a56d0a000ba668d3b55a5e8ab40a288539
561,RTU-2026-CS-000561,Elina Petrov,Information Technology,2026-10-02,cert_RTU-2026-CS-000561.pdf,1396,3befa29c20aef1787e7fbca222466808d2772f42e4723385c8a7ceb10c40f462,a1417d6f01bb416e5be8a7de519c614175927926dfbfbbd8f7024940e54ce0e5
562,RTU-2026-CS-000562,Janis Liepa,Applied Computer Science,2026-11-03,cert_RTU-2026-CS-000562.pdf,1398,4b3bb553550ed965e37256e80583eb50df2b0ec32125f959029ccca295fdbd49,f715005fd2e5895325013d427cfbcba269f53adf80d8ff40fef48f25c8431502
563,RTU-2026-CS-000563,Sofia Vitols,Electronics,2026-12-04,cert_RTU-2026-CS-000563.pdf,1372,63bc83287270841835947fafdce5bbe12d79e9c04d9de683e86284a9bd444e87,f3890a52bcbc732235710022e76280a1b3c3f90b5b3014795456714a735d2d24
564,RTU-2026-CS-000564,Marko Tanaka,Telecommunications,2026-01-05,cert_RTU-2026-CS-000564.pdf,1387,08427cdd38c43a57c78435168ae4f5c401c14c005321fb4ba5b5ddd6503f98a0,d449e1001c762b84c3324a19f911bd846426cfb15874c02ace65bd61ec454d6f
565,RTU-2026-CS-000565,Liga Haddad,Computer Systems,2026-02-06,cert_RTU-2026-CS-000565.pdf,1395,46bc9c0007ec8c4d66045db440f4af4dbaa6ad1e900997d9d0d2e9954e54e463,17f976689fa3d138ca6d20538c12daec88f4bc6cb890ff9c4055a03379d18738
566,RTU-2026-CS-000566,Andris Novak,Information Technology,2026-03-07,cert_RTU-2026-CS-000566.pdf,1394,44d58e44609b003c243e1d8555026cadaed075ede2b3f85ff7e731783b16d6ea,0ae7ebd02b7d8ea491939fbc859b1ad3ddc2db5e4b430882aeb7ae7a2153c216
567,RTU-2026-CS-000567,Yuki Kowalski,Applied Computer Science,2026-04-08,cert_RTU-2026-CS-000567.pdf,1388,829656fc2e6898e97ea412ed032894ec15fec933940afddb1fbdaa5e923e66d4,fe3b0eba1aa20875afbd63c4043e31624914131f4c524a2ed1b8749f68c0c794
568,RTU-2026-CS-000568,Omar Saar,Electronics,2026-05-09,cert_RTU-2026-CS-000568.pdf,1368,a0b03c3534dbf946da46a625195c2c16d5a8263de5c64146f52779f5409b3891,78a4a063ff6134ba5ddc1ce987f03f0a84bebd61fd11afcc0e73e121b41c37f5
569,RTU-2026-CS-000569,Anna Lapsa,Telecommunications,2026-06-10,cert_RTU-2026-CS-000569.pdf,1393,ae35a935dd39a6aa467494c9b62790f705122b9f8a71b29b1790078991ec6c15,2bf27964ee146d93cdcc2e62ccb7ca662928747a1676a0b760b6821d107f21fa
570,RTU-2026-CS-000570,Pavel Costa,Computer Systems,2026-07-11,cert_RTU-2026-CS-000570.pdf,1393,84e161b563d537df016238d613271098425e58214aa9f571e66e40746976597a,4bfc97bac336e269e75bb912eb47b71ebc7a9f5a9baa75166f6c0e003ed24eee
571,RTU-2026-CS-000571,Nadia Meyer,Information Technology,2026-08-12,cert_RTU-2026-CS-000571.pdf,1385,9fe9ff86b3b02026c420530e73b314dfc775085571665cc740f6d1f188be0512,2cdfe3b0e30e06727635cdc7189f48d11790541808ebb3ec93f9ecacdd6f5924
572,RTU-2026-CS-000572,Tomas Zarina,Applied Computer Science,2026-09-13,cert_RTU-2026-CS-000572.pdf,1389,5bac971020343f3310ec2b26620ad5788c757f90c5a6758f9188feca404675ed,c3bcb0bd7cd48eb30a7b61653d8679531d83d4069c1d1f8841dda10cd0299be1
573,RTU-2026-CS-000573,Ines Turan,Electronics,2026-10-14,cert_RTU-2026-CS-000573.pdf,1385,fc37f1cacf56f8ba8cd00fca299e05312d1d5e275ea7822ac6cdb92a0e3c3716,64f07a97d5832f807dfbd4ca939bd8b3ba7614eaaa099ff2174a9867e328bcc2
574,RTU-2026-CS-000574,Karl Berzina,Telecommunications,2026-11-15,cert_RTU-2026-CS-000574.pdf,1392,2fd793b25bc5cbf01a218638913b3dd19e9b137d5f31e40780f25cd1f9f0d809,d604d8337dc47121d3286d75309657f44cbbd5fcae6f81348a3f4a3ed2e461c6
575,RTU-2026-CS-000575,Rita Ozols,Computer Systems,2026-12-16,cert_RTU-2026-CS-000575.pdf,1383,cd2a389aabffbd3b0dcdad2199bec7c8808d7aabb634f196f986bf197af956ad,e3c4d9a32e02b0265ff267ad9df5182b68fbd5d0bbe9ed9c353a1a89ba811d6a
576,RTU-2026-CS-000576,Hasan Petrov,Information Technology,2026-01-17,cert_RTU-2026-CS-000576.pdf,1387,a0966146375d53d18670cff57d7c0bc006e8a72fa622cee90316685754b1b878,450cd0e4935c64342f866de9f055bc38db8795c213cf1abf8fad7e1e93abe201
577,RTU-2026-CS-000577,Elina Liepa,Applied Computer Science,2026-02-18,cert_RTU-2026-CS-000577.pdf,1400,dbcfa22875391f90019f11855548ccaddb81d94a066cefc647a3b698e4d27ba9,a5c885673e6c75a7105a0b9cef306f357e515764189307d0bbe7ebceb8ff5822
578,RTU-2026-CS-000578,Janis Vitols,Electronics,2026-03-19,cert_RTU-2026-CS-000578.pdf,1381,1738f0c480d53bcf7ebbd452a7fea1ada3093cdbb8212d344e0cd7b86e2693d1,ab2748c73f6e341a1b89c3bbae31fe871ba605a32937d7b4a7d351525d9c4996
579,RTU-2026-CS-000579,Sofia Tanaka,Telecommunications,2026-04-20,cert_RTU-2026-CS-000579.pdf,1384,7098c8e3fd0b58af48a00127e6f12a05a3a108abe61c211e42fd76b75201b36c,52b4bc455967f682a68def4bb075befc36848039ecfefa56afddd765e55b052a
580,RTU-2026-CS-000580,Marko Haddad,Computer Systems,2026-05-21,cert_RTU-2026-CS-000580.pdf,1391,1c2723082cd1beb4936ac5b1ed2244e1d2cc445b3bae9bdae9e25e6d71ba2dbf,df58b14c96f6c6762ad19b152ddb2735bf1d7a98c7170d709f869853d482deed
581,RTU-2026-CS-000581,Liga Novak,Information Technology,2026-06-22,cert_RTU-2026-CS-000581.pdf,1395,ae0e86fc5cf9a6587c5e0ff6d09505fdb96ad6a17e712c9eb50fafb587390d82,7310ad38b9dca7dfb6bb1f991e005595d5baf7d26c375467a57d0fbae8cd4eff
582,RTU-2026-CS-000582,Andris Kowalski,Applied Computer Science,2026-07-23,cert_RTU-2026-CS-000582.pdf,1401,cdab27334990134cde8e75623bddcb7eabb73a8e5d9b9cc1d6263c29fbb69433,8503074f078e2b67da10b43d00590e6da2b64c2f0a146ccc6af8dd1e336315be
583,RTU-2026-CS-000583,Yuki Saar,Electronics,2026-08-24,cert_RTU-2026-CS-000583.pdf,1370,ba67d3ec274b818c35ea73c26036e981763ce579dad3038432d19ddb697f2537,6316875a2d4608a68ba7061d8aa7e380b4aec343e4ecd987c11c89ec5fbee723
584,RTU-2026-CS-000584,Omar Lapsa,Telecommunications,2026-09-25,cert_RTU-2026-CS-000584.pdf,1383,b6020a05e4cdb2cfabd82ad237b12e3d8adb3b15cebd96089f8d7f6a2dacc245,f90c782bed59c7e5fe3b2411d5020460be07c487d0f3263ff05036130723e614
585,RTU-2026-CS-000585,Anna Costa,Computer Systems,2026-10-26,cert_RTU-2026-CS-000585.pdf,1394,c5bbce2ef307c87517c75cdcb5d41b7f2eddc8ac50297af8b364381d0fe1319c,819f339f3d7841c58306bd17cc874a02e459009021036afba9878c5447413b22
586,RTU-2026-CS-000586,Pavel Meyer,Information Technology,2026-11-27,cert_RTU-2026-CS-000586.pdf,1393,fc6485e192caebfa78768563fe51a92b44bce663f6e9e4aa3c5a589e0693ab91,134ecc4078aab5e35ac8489445b8fe3d68b5ffe19f3612eb4d5058ae7c070a69
587,RTU-2026-CS-000587,Nadia Zarina,Applied Computer Science,2026-12-28,cert_RTU-2026-CS-000587.pdf,1391,352c713fb431566844386e76afed5205e88ecc08e95c4a47171cd05b3161e7ae,97712cb589dfbca216c60f255f297d68136605adee06efe02992bcc8837e2e4e
588,RTU-2026-CS-000588,Tomas Turan,Electronics,2026-01-01,cert_RTU-2026-CS-000588.pdf,1370,29de778f955807fc28997b18e6ecc9ef82b738c84f8075865b7d43da9ff376c2,e13ef9a6204ced51cf7980b35e43f66ed0f9d5d51493ebb1ec6244b2f5e50b01
589,RTU-2026-CS-000589,Ines Berzina,Telecommunications,2026-02-02,cert_RTU-2026-CS-000589.pdf,1394,c2975b12d0cdfceae5f328b74acfc91e9ed4b4b8447e14abe83e51d20a87ae31,a7f68b952f0fe5936067d83b7f7d858be24be921465df2d8fc2abcb8e761e7fd
590,RTU-2026-CS-000590,Karl Ozols,Computer Systems,2026-03-03,cert_RTU-2026-CS-000590.pdf,1392,4262bbff1ee11e0169154501f7637182c5fe2c2e5e38b575c52898bc6be5e72c,a62f5a828d80a214ae34d49f9c76274c4ac5022af25d3af08f28db23939f52f8
591,RTU-2026-CS-000591,Rita Kalnina,Information Technology,2026-04-04,cert_RTU-2026-CS-000591.pdf,1385,9e9c4d4c3427b95cb894d7948ce99a9d3e5b2db603247c39b8dbc78bf51dfffd,51da51474c25bca944f9bc1269d5ad41bdff19007454cd1bf4212942f06d224f
592,RTU-2026-CS-000592,Hasan Liepa,Applied Computer Science,2026-05-05,cert_RTU-2026-CS-000592.pdf,1391,e02b2c89822c4df4d610f1766fce019ce6620ccb2c9572529b8c35ece0b25205,06d06017d01baf27c957df3cc782c2bf9e182f76826f9640f5aed65d69d1f7f0
593,RTU-2026-CS-000593,Elina Vitols,Electronics,2026-06-06,cert_RTU-2026-CS-000593.pdf,1383,00eccd4f730d3e4459c02f33704f90dec6119966957243fd3d7bd558760060f2,1c9caea8cca79ec29d448617791a39c2ecdfd675f5f0d8b7e96c420c2cec0e31
594,RTU-2026-CS-000594,Janis Tanaka,Telecommunications,2026-07-07,cert_RTU-2026-CS-000594.pdf,1394,633d400de9d0fbb26be26516b063f88817972bc6115e53066d41a5314bc75ff3,832c9181ac000b71fc7f480f97f588599299563c01aa38954b27383b493a7bd9
595,RTU-2026-CS-000595,Sofia Haddad,Computer Systems,2026-08-08,cert_RTU-2026-CS-000595.pdf,1382,81009c5b598fbc18a423d7d5c536de8d87f31272123efc8d380bc2fce50eafb3,e575087d2c230a7ec3f2d9ddd00855a682a20d6992ccb237506fa975458c168f
596,RTU-2026-CS-000596,Marko Novak,Information Technology,2026-09-09,cert_RTU-2026-CS-000596.pdf,1388,50b22c2ef7064d009ec0e0d9ee2242fcdc20162dd7187f68699d2c78fdf37233,8d68cd20a762ee0655740380284ab6275765c1e158098c7042c8490c5a38c473
597,RTU-2026-CS-000597,Liga Kowalski,Applied Computer Science,2026-10-10,cert_RTU-2026-CS-000597.pdf,1402,d7871f6413c91dd03e990e9eea98857ce1c485f49af7d53e57ae7be0b9d7f8db,d7de89ab4f55944cec8ff2f62837dd5ad8980ab841fc8d1ea2c6be38d8ab4dcf
598,RTU-2026-CS-000598,Andris Saar,Electronics,2026-11-11,cert_RTU-2026-CS-000598.pdf,1377,2efe4cc061b97dff01e40459a2b5fa257c7a636b25188a4063e5375a97b16b52,0ed3d9694b716475d61d6247603aeda6ff3c50c3bd1781d7fd5f80dbb4964abd
599,RTU-2026-CS-000599,Yuki Lapsa,Telecommunications,2026-12-12,cert_RTU-2026-CS-000599.pdf,1380,3d86bd3deef854c76675dda737986960fb079f7df4822adf00485ed862692531,09c445cb5a0a3650b812a944901e89f619ea0a7fbcbf5005eedaac65e9872736
600,RTU-2026-CS-000600,Omar Costa,Computer Systems,2026-01-13,cert_RTU-2026-CS-000600.pdf,1386,74a1bbc81ff8c8ccf2ef0797589f4719e3c24b4296a0e2cf18c1804b93803de0,7b54a0c7a8ee2cac0dd84d4e7e57294474157ed7c6147f2a907673ed008fd70e
601,RTU-2026-CS-000601,Anna Meyer,Information Technology,2026-02-14,cert_RTU-2026-CS-000601.pdf,1397,91f054ba9bf6fad04372f13fcb4d24fa5c83a99b77cb8608425b332c2b8ce228,87d3b9593f3955086d257965cd7d09f356e2dde052b846d6f16b9363350e25fb
602,RTU-2026-CS-000602,Pavel Zarina,Applied Computer Science,2026-03-15,cert_RTU-2026-CS-000602.pdf,1397,998903158030984df47b532bdec3428c56a3cd7ebf2801838ec774ff9e178288,a3e2b1b49da96e4489b8c03c64312e0d972d40e5459ea08c56a4b0db5208ab98
603,RTU-2026-CS-000603,Nadia Turan,Electronics,2026-04-16,cert_RTU-2026-CS-000603.pdf,1369,aaca3127ef0ec7205333e6059db20dce2b84c7dbf18bf6f7af091235bf0c12e5,f9c08d5d9b82f69e60f480db5499c54fc0cb02b246139aebaa8ca073fe0a50c6
604,RTU-2026-CS-000604,Tomas Berzina,Telecommunications,2026-05-17,cert_RTU-2026-CS-000604.pdf,1385,e109d0a14b093250377203bb800f4960f2da766a51037830ae4846e137563a1b,b7ed6403d0bf069eb152aa429c439dda55082e7528224c6ca6c133b164eacef5
605,RTU-2026-CS-000605,Ines Ozols,Computer Systems,2026-06-18,cert_RTU-2026-CS-000605.pdf,1397,0ce8f5643c16e7a6bdfd68cdbb7373c2a8b4e6465483e288b545b7568aa826f1,b1a1c3f5b58aff7384dfe66b8791d17144da270912dd4d469989371f7dced2c8
606,RTU-2026-CS-000606,Karl Kalnina,Information Technology,2026-07-19,cert_RTU-2026-CS-000606.pdf,1393,65f9e9afdf9f6765eeff8a66384c6db420e094ccfacf10cc602677700cdf1623,9dbe832c2305f7099bd16edf8e7e6027e2177f474abeb413f06142b33e6b607a
607,RTU-2026-CS-000607,Rita Petrov,Applied Computer Science,2026-08-20,cert_RTU-2026-CS-000607.pdf,1385,7a0750d58176c62fd3369c4929ed43b30246f5a3bead01d02223445eec7e7e2d,780cb75bebc47666fcf57a0c8765499aa80ec0420c7082c19efc64cab2685b06
608,RTU-2026-CS-000608,Hasan Vitols,Electronics,2026-09-21,cert_RTU-2026-CS-000608.pdf,1371,4d5705bd329e48002db594458dd31d3c560363a2e1718dce6ffdc4e6b183ccde,b4a29f7a93692f9972f8ee446133ed4636862cc3747f0a5a00342b35b21bea0a
609,RTU-2026-CS-000609,Elina Tanaka,Telecommunications,2026-10-22,cert_RTU-2026-CS-000609.pdf,1393,7a9484874331ae88f36e08a79aab5912a7601e0ac19ad93cf86459254a3f7d6f,4984f7994b43ab6142a3e217096ceaad78e33e545f6d589bd0be620db8648d60
610,RTU-2026-CS-000610,Janis Haddad,Computer Systems,2026-11-23,cert_RTU-2026-CS-000610.pdf,1392,2d667ec040858725da9193a5db323de3ad803d25b8a3b87198aa355c050f0b98,4877e77d0f14bfe078efb121525e2bf7bed9f596f09a96351d480ed680446f5f
611,RTU-2026-CS-000611,Sofia Novak,Information Technology,2026-12-24,cert_RTU-2026-CS-000611.pdf,1387,51f43f2bb6e09a536b8fa70bbc5d98dd1729d7a8fd1aa396d3f82add2b9ebad0,1eedd1f525eec542b5198e90e3965bfe0fad991e7ef1caaf7669a4a9fb9dd471
612,RTU-2026-CS-000612,Marko Kowalski,Applied Computer Science,2026-01-25,cert_RTU-2026-CS-000612.pdf,1396,f50453599f94b717ec5ae28030bbc1423099fa0b694c97a6b0c72ad2b0047ed7,d08c53e0235574c5cb48ac0599421687df49b00f7ac06354051a1f1b2cc9a810
613,RTU-2026-CS-000613,Liga Saar,Electronics,2026-02-26,cert_RTU-2026-CS-000613.pdf,1378,e69026bc11851eba294b26c1006978f6233572bf3c59923d726669bf1ee51349,5bdac0b2adb3be97d06a867d46abbffb0828e475a5d3f5e94e68dc95bfe2e58b
614,RTU-2026-CS-000614,Andris Lapsa,Telecommunications,2026-03-27,cert_RTU-2026-CS-000614.pdf,1393,c30aa701c68af5f562e6ac2e27156644d50ce33d8be0c7e1f84a884f6c2aafbe,67bb3b478119879a20e5588cd0f937e792daaf188019be2d79b4ca590ea4e279
615,RTU-2026-CS-000615,Yuki Costa,Computer Systems,2026-04-28,cert_RTU-2026-CS-000615.pdf,1385,826c0758e4e8133e3eafaf48aa0f59bf30965a63f30336264855233ce16df28c,714b066fc7ee877692e37b260aeca776c80c8c78490eb922206381f459a219ec
616,RTU-2026-CS-000616,Omar Meyer,Information Technology,2026-05-01,cert_RTU-2026-CS-000616.pdf,1380,b0a881227e8ff2f85bc5d627ccee1d772a3a2721e8b5b8f8ff493ad3603f7b9d,049330e4681544c613a9a2f87fd408692f9646dc62c43655391a2687181a0263
617,RTU-2026-CS-000617,Anna Zarina,Applied Computer Science,2026-06-02,cert_RTU-2026-CS-000617.pdf,1398,f0ea76e6c6b780a02a8980db942e4ede121bbbf4c5f8ab3d89d1167734a080af,9d362260cbc01cfbdaec251ecfd6be93dbc01517923b8b48c16582083b95fd3e
618,RTU-2026-CS-000618,Pavel Turan,Electronics,2026-07-03,cert_RTU-2026-CS-000618.pdf,1375,149aad138289fe25c7dfa8ac2cedb5f589ea7dc02a19506b5828b66de47450f9,956eff4e807982391e17d6cd94c49858ea7b7458072385966aba1128509cbb01
619,RTU-2026-CS-000619,Nadia Berzina,Telecommunications,2026-08-04,cert_RTU-2026-CS-000619.pdf,1387,faca3ae74991a960b804a1ab1d87ca34bbe4a5e614407884bda97648c83b831b,69ecb42d49db25d3d4e40290d398721696f74f1498e609d5d91abaf6325a2c2b
620,RTU-2026-CS-000620,Tomas Ozols,Computer Systems,2026-09-05,cert_RTU-2026-CS-000620.pdf,1384,827635711f124419ad2fadeefde11a5c4f3f159addffc8fa277b3eeb23b12d39,a7a5c5497e0b6dc81923df62d4635cb101de149defedd60a6c8155fd30f3f3fa
621,RTU-2026-CS-000621,Ines Kalnina,Information Technology,2026-10-06,cert_RTU-2026-CS-000621.pdf,1394,60e5a5b353e18a5d2854afd898fc01a7be62a83784dcaf8da04b1fe3e3a9bb92,5864135a7230637ca964615432236f7e41ba030997d71b2b4592e597069edaa5
622,RTU-2026-CS-000622,Karl Petrov,Applied Computer Science,2026-11-07,cert_RTU-2026-CS-000622.pdf,1396,73c46b82d6cd2500ef8e6e50e78273e438628a10c1a118f7df114692c64af788,18e0e1414f7f8286744866a07b507ae87ea394620db166877e25c48cbe43247c
623,RTU-2026-CS-000623,Rita Liepa,Electronics,2026-12-08,cert_RTU-2026-CS-000623.pdf,1367,61d3d8682cc1762a311e22fb876e597a6a0e3c84fe71ed95ca02f5c970ee4a14,c3c16d62fef951219dfa656e1485a9455c6df884af8633020ba66905cac26122
624,RTU-2026-CS-000624,Hasan Tanaka,Telecommunications,2026-01-09,cert_RTU-2026-CS-000624.pdf,1385,2534924b41cd3f8ff1be31e7fc25fdff74e6f1f2d026f44e3d5332baddbdb528,09b7fd9f9b87ad125fa7068dafa69adf50c47275a2d5f91dc6cc7c34cfd20c34
625,RTU-2026-CS-000625,Elina Haddad,Computer Systems,2026-02-10,cert_RTU-2026-CS-000625.pdf,1397,daa2dd941214a031402749b9d17f27744176b0a435b8528d39c49cfcd9bee8fa,e2db2a30970f903b1c9b5468b05aa89de5dd36c471de6638f76b77a01332b5bc
626,RTU-2026-CS-000626,Janis Novak,Information Technology,2026-03-11,cert_RTU-2026-CS-000626.pdf,1395,a663c20472a16aeb82d2721e88982214d2ab7db27535b3eadb578d07170d382e,8f08da3d8450f73eefb62fa6f6a7b24aadd0e8e4556e36d36e133b12d7e67e61
627,RTU-2026-CS-000627,Sofia Kowalski,Applied Computer Science,2026-04-12,cert_RTU-2026-CS-000627.pdf,1390,456f4a54f01a524456d93579db4d818c5b4a32f379e6d8c5983201b664cb3430,481ff2f8cc31864e7244d7b0bfee30f11d58f36b6cd698a8f03e5d11200eaa8d
628,RTU-2026-CS-000628,Marko Saar,Electronics,2026-05-13,cert_RTU-2026-CS-000628.pdf,1370,945985146008d558ed46adfa3e149ecf90879ef85f368ba8fdf0e1449c7fa6c6,345bc4854d90e4600403b4aeb9468b1db1af9b2b9c1d922725f2fb31c06a7b73
629,RTU-2026-CS-000629,Liga Lapsa,Telecommunications,2026-06-14,cert_RTU-2026-CS-000629.pdf,1394,13b33cbcae883d1d02e14100b1dc2116f29e38bc3f3046d99ece3a5bc569254e,478538e33103851af91391c8af7945144c33be71e296dfa6be3674d78e207f19
630,RTU-2026-CS-000630,Andris Costa,Computer Systems,2026-07-15,cert_RTU-2026-CS-000630.pdf,1393,bcf18d77b6fa6a5dbca542812eb1d264c8467a43d4f9639ab49560f4a30d2114,351088c4a0c405b7ca2df6b5e6229a3793a6dc424f88503463f42e4953dc5a81
631,RTU-2026-CS-000631,Yuki Meyer,Information Technology,2026-08-16,cert_RTU-2026-CS-000631.pdf,1385,af9adc74c7604d7793a9b997e431b536bef139e9b19ab226ac46326ebf5a36cc,96afbea0d729b70d8d848be5e532ee6dc1f457252634d7da76b110382af3fdc9
632,RTU-2026-CS-000632,Omar Zarina,Applied Computer Science,2026-09-17,cert_RTU-2026-CS-000632.pdf,1391,243343e0df2bca8819e7fb0135edc32595d81a2ba3030f3f3aa8abe473d807a6,a433f4979df4f4f117d3e75ed21e12073afd2e8f309d8c52551e2709cda770a4
633,RTU-2026-CS-000633,Anna Turan,Electronics,2026-10-18,cert_RTU-2026-CS-000633.pdf,1382,d94790fba739a46fba725a5da26fb957720a540cc8c0758cbf6f4d77ab0e1ce5,4cc53e0a782d3b7edf5bc5a06631bbfff7cb57818f941f5c118562bd54bca69f
634,RTU-2026-CS-000634,Pavel Berzina,Telecommunications,2026-11-19,cert_RTU-2026-CS-000634.pdf,1395,d5355b08f6fc4ccbef1a1ce2f0e6227d5db28a62b8b0cfa89a78bac24a45e1d8,fb9f213f5a93b8b337e8407de6c5c8d5f9de7315f9ff2d305338087737024d45
635,RTU-2026-CS-000635,Nadia Ozols,Computer Systems,2026-12-20,cert_RTU-2026-CS-000635.pdf,1388,1cafe5904e54ab1459a1cc9810bd4da7b75abd1eb809e83f6f3d3279e1908b8b,750704cbd428b34949911877b9c8df895980d29ab6ef24d0594248e0da5f42b9
636,RTU-2026-CS-000636,Tomas Kalnina,Information Technology,2026-01-21,cert_RTU-2026-CS-000636.pdf,1387,e954f12dd8dae720dcc395f926d32b3bf05c74438921cc25328c2b9bbdc016f2,cddbf821c97107e52885ad504ba5d6bcb65f37df54534372a1595c6dc4b42979
637,RTU-2026-CS-000637,Ines Petrov,Applied Computer Science,2026-02-22,cert_RTU-2026-CS-000637.pdf,1401,be4930ecc7a249272e22ce50ed1089df881cbe1168ab43bd4af1a44116f09092,178416c95bbf73023c5b6ff35ea06d782c1e34d35478afab0b00070d84ea9d6d
638,RTU-2026-CS-000638,Karl Liepa,Electronics,2026-03-23,cert_RTU-2026-CS-000638.pdf,1377,f439606daaaf551e13de2c006de73fe1f609774985fe03fef096a9e912e8a127,9fb7a3f80fc9d8b865c6c45256e6c2f4f00ca6bba0d91df02730962e9fa18728
639,RTU-2026-CS-000639,Rita Vitols,Telecommunications,2026-04-24,cert_RTU-2026-CS-000639.pdf,1386,e5eff2f21464edb3a0f827b5320f092bfb12a5d0e7528e3472442454becfc169,0b32986c3d9e961eb6a373e2e84ef7280f971d1c8e51bf3b7f1daa072a0e9299
640,RTU-2026-CS-000640,Hasan Haddad,Computer Systems,2026-05-25,cert_RTU-2026-CS-000640.pdf,1389,5a4580236688acd557eceddb5761d860767977b6ec27ae2532c73771815b7258,d60eb63843f29ecff30aaff830e45f5fae8e2a8b115a69b4f1c1c7ea46736869
641,RTU-2026-CS-000641,Elina Novak,Information Technology,2026-06-26,cert_RTU-2026-CS-000641.pdf,1397,b850eeee91e43a3b0e6d4eb1a9da2c7d3ed29d2161f62648d7c893e1a5986163,fcaf17037c1b30630bf9af6b80a0798944a045add43f53050dbbfa5b8546e4b1
642,RTU-2026-CS-000642,Janis Kowalski,Applied Computer Science,2026-07-27,cert_RTU-2026-CS-000642.pdf,1401,ed92381f71ee3222eb106405b9031cb2b124752a0c7483eaf97edbb0d8eee3e5,a035a64093c9c732734e12ee85722738e2b987d1901f03fa12d9947c5fbcc812
643,RTU-2026-CS-000643,Sofia Saar,Electronics,2026-08-28,cert_RTU-2026-CS-000643.pdf,1367,4c83459805dbee13cbff6a07c422016dab72022a83a3b01440069e4e5a094f1d,685041b21579a2ed2aed1a27c5eeb71357e739053cf3818e5c3f5f9018cef17b
644,RTU-2026-CS-000644,Marko Lapsa,Telecommunications,2026-09-01,cert_RTU-2026-CS-000644.pdf,1387,3a1c15705e9717e902ba545a1cb17a77957844f5332bb83762b43e2ebfe2af85,5dce51c203f98323355cebce179f110cc1fce5fdb8186ab7a064693df8016967
645,RTU-2026-CS-000645,Liga Costa,Computer Systems,2026-10-02,cert_RTU-2026-CS-000645.pdf,1394,c23d11812f0fb45e8f0f76087b678b9da56757e85af9a48a7464bcb2c00dba5e,159d3e2f2efc1aadd04d971dac36417981180e1ca72fc87c31260a2f1eb84a29
646,RTU-2026-CS-000646,Andris Meyer,Information Technology,2026-11-03,cert_RTU-2026-CS-000646.pdf,1395,b977cddbe5fc650918fe83fa9265e0a7e2e369cc71086302700ccb60f479531e,cba8f82e2606d2bc531c0dd4998519a29f79c69f3b04ea8a8815feeb7babbbba
647,RTU-2026-CS-000647,Yuki Zarina,Applied Computer Science,2026-12-04,cert_RTU-2026-CS-000647.pdf,1392,a3fa0299710e2c6d92ba1c53e7d12e1fa5b00a2d3fb8cb83369a7c39832cc99c,4ff278831e9978dccbdf46ac577d14207badcb4ec86a7607f815aadde7d2cfed
648,RTU-2026-CS-000648,Omar Turan,Electronics,2026-01-05,cert_RTU-2026-CS-000648.pdf,1371,380f8f7e46e3110f6a9941c6bfd24545dcd09b40fad89ecb3b38b5e73348d59a,d6b451a2bee7f00736400d798b569032cbd0f28fd30d3dce74f78a66be39d8c2
649,RTU-2026-CS-000649,Anna Berzina,Telecommunications,2026-02-06,cert_RTU-2026-CS-000649.pdf,1395,5855024648b0d32a74dbf453944261e4fec5fe504827959c479db12f93c67433,080076967bbb576bacb4649e3b6fe3220424e7da499efbae464bd792ed5a6ac6
650,RTU-2026-CS-000650,Pavel Ozols,Computer Systems,2026-03-07,cert_RTU-2026-CS-000650.pdf,1392,26cc439e29131e5e698f0b41fe267639d1cc9e3e01ba41532e4b71c95e5eebca,99c3ef9a3c2b4fd525a8a25b3631a024ea2de05ed3bf926f0a6ff15de160eb29
651,RTU-2026-CS-000651,Nadia Kalnina,Information Technology,2026-04-08,cert_RTU-2026-CS-000651.pdf,1387,a731f476f871c0d4008d80b6b998953fd0d2083159cf902d18c131078c83c719,a53f10b7e236424054992d664b10f3d198824c83f7ade89c235c3eeefba25117
652,RTU-2026-CS-000652,Tomas Petrov,Applied Computer Science,2026-05-09,cert_RTU-2026-CS-000652.pdf,1390,0e0d80d8e0909d1bda441ccdf2e53aea07fb0cb8358274a9ba24c6ce9211d180,066c3322793ce2aca6782b4d8c0fad49dbbbfa1c95648b3edfa04251c7bd0858
653,RTU-2026-CS-000653,Ines Liepa,Electronics,2026-06-10,cert_RTU-2026-CS-000653.pdf,1380,8b7e12748e785f8af8c412151fce7f13ea1127e5ab38f519fe780c3bc682f41a,d8e28747167171e4f3a8b7904518bdd6a69945d8f11637b55d9f03618d2727ed
654,RTU-2026-CS-000654,Karl Vitols,Telecommunications,2026-07-11,cert_RTU-2026-CS-000654.pdf,1394,8399041ba81cc9d454d16e91dd38bb132129561b748bf0c708c6a710297a5856,4c0988b3886348cb7505c316d10153bb0ecb99d672ee4a79be18e416132177cb
655,RTU-2026-CS-000655,Rita Tanaka,Computer Systems,2026-08-12,cert_RTU-2026-CS-000655.pdf,1385,0097edf162c3fd4fd20ddbc3a03cc3eba010e394cef4aea3dbcf5451f8de24c6,c1f967d4375f6322d63c273220f0d872012d39eea71d422ae9da69bc323e4bdc
656,RTU-2026-CS-000656,Hasan Novak,Information Technology,2026-09-13,cert_RTU-2026-CS-000656.pdf,1391,040f90dea61ac66862e5b731385f4c3ee3f7553ecfd796cc6b4ae8968ab1fc07,6ccb8b926c21e7b6c48c0faaa6137674917945776c917b03b5a17ecb44ab74a1
657,RTU-2026-CS-000657,Elina Kowalski,Applied Computer Science,2026-10-14,cert_RTU-2026-CS-000657.pdf,1406,c56a0c4a218947ed39072dd3538985b88ed260f629af709f7704444ce49a0e30,54a2fe0717394d80bc59a7d39b0f523931d48e8bc2526404c6b6873457ba308f
658,RTU-2026-CS-000658,Janis Saar,Electronics,2026-11-15,cert_RTU-2026-CS-000658.pdf,1377,51ccb8c981f1d18dc9ab0aa3c5d4bea1b6366d408a8007448938686aa98f6a53,9b394b138be46005b5fe0f42eaeedfc2e95a38bd39f7adf771a41f21702162f9
659,RTU-2026-CS-000659,Sofia Lapsa,Telecommunications,2026-12-16,cert_RTU-2026-CS-000659.pdf,1384,e7a606b3a95cae3c9275bdcbb35c8a6223e9aae266ca705c5ca70096a927ed33,6bd1ea41ff3b3b414331a444ac49b712bc7ecb678591b35d39be8961ca478a88
660,RTU-2026-CS-000660,Marko Costa,Computer Systems,2026-01-17,cert_RTU-2026-CS-000660.pdf,1386,e724fcadb5caaa0c2e1b0ef23cbcc5f051e71f916695fbd98392bb1858fd8a7d,13a039e50991a4724c96d586961254d2167b19d12de6b093c6101f8de083a0c9
661,RTU-2026-CS-000661,Liga Meyer,Information Technology,2026-02-18,cert_RTU-2026-CS-000661.pdf,1393,72b1a9f353fe57f2e374a7337d1d4a4103574b66b3401484a6503b892e84a993,5761853014945fa684f0b6a60e8e5481f8c77ca11cbac905f3b7e37b0f92272f
662,RTU-2026-CS-000662,Andris Zarina,Applied Computer Science,2026-03-19,cert_RTU-2026-CS-000662.pdf,1398,055e871ed54d494146dc613f3419685733b5a1efe3bef4cb484928163e83845b,b62e0db3443a0727cafc9e50759baee20e2324b8353110728230cdc064eb9af1
663,RTU-2026-CS-000663,Yuki Turan,Electronics,2026-04-20,cert_RTU-2026-CS-000663.pdf,1368,ebf68b80e267887596890bdf9a333e151a3ce2c051c577adb8344c394ca91461,4159460532c2eea5f2f67574cc1a3e8f1c5e0ce0defda6af1163c9eb2c3c4459
664,RTU-2026-CS-000664,Omar Berzina,Telecommunications,2026-05-21,cert_RTU-2026-CS-000664.pdf,1384,2a72877f6571fdedb1e8d4d0918bfd037e2fb0ae226415bf392808e3bca19408,5ea8bab6453ab00fc1746edbc7f8af6ed1e8fab3752ecfc500468271c996c209
665,RTU-2026-CS-000665,Anna Ozols,Computer Systems,2026-06-22,cert_RTU-2026-CS-000665.pdf,1397,9d4231fe72e7fbb1d86cbf1fb300650c8b8a5315d630b017227f58dae58fba14,5a088e1ce2b4bc3b278c4f207cb4c5bbb1f87552b63e4af57839c5b8529688c0
666,RTU-2026-CS-000666,Pavel Kalnina,Information Technology,2026-07-23,cert_RTU-2026-CS-000666.pdf,1391,80faf324e8670a751122ecfe25ebe20e71f5dbea6ae16b1b9e685044c9d90357,bc3cefc983a15d889237efb7052c1736c7aee16c629a6787981e5f896b9fc3e0
667,RTU-2026-CS-000667,Nadia Petrov,Applied Computer Science,2026-08-24,cert_RTU-2026-CS-000667.pdf,1390,9c014f21c94b735777389c3eb68e35cedec4ab51fdc3aa3c60d02d75d0e1e6b7,1fd6172630475c913d104688aece67f2cd49ec3114c07b37c109d0c443b06357
668,RTU-2026-CS-000668,Tomas Liepa,Electronics,2026-09-25,cert_RTU-2026-CS-000668.pdf,1368,3ebefd928d759f884b6e73a28fb5109870be5c39f0729af7048b74746364d2f0,cbc583f932a8f36abacd63b4fbc5af5726c370b0a8fed40678d1709494b45f47
669,RTU-2026-CS-000669,Ines Vitols,Telecommunications,2026-10-26,cert_RTU-2026-CS-000669.pdf,1393,1a5b9d2ad4c8abf340078c18a9734560852f9ccadb587bb172c0785a44218db2,53392c0f7e6395b05d6ea0905e0a735b40d8f6e28b4234ef2a18c30d1db0b45a
670,RTU-2026-CS-000670,Karl Tanaka,Computer Systems,2026-11-27,cert_RTU-2026-CS-000670.pdf,1394,4b06f492bac01c817f063d58e968038bc681cf1631b3fe6a74d55dc5f06442ea,8e526f53a9d1a94528d6d45c34157e38031ec77d95b1f459607525aaf64144d0
671,RTU-2026-CS-000671,Rita Haddad,Information Technology,2026-12-28,cert_RTU-2026-CS-000671.pdf,1385,76c5b077a64a27b793ba2243a8a8bf0b05e538305eb1ad3da4245624748dcbd9,af5a2c29b44bc45b86cc9c99e12ffd469f9f65c72c6eeeee9a8badd6405d393e
672,RTU-2026-CS-000672,Hasan Kowalski,Applied Computer Science,2026-01-01,cert_RTU-2026-CS-000672.pdf,1392,79aec6ba25b298b2ff7021a9a387bcca3b3d2e48e7d9ae6a65788559f1181014,7c890891101db401b5d649c6e243293a32b223a24c1d0ee1964e98fcc4875d55
673,RTU-2026-CS-000673,Elina Saar,Electronics,2026-02-02,cert_RTU-2026-CS-000673.pdf,1380,8f91b6a5e82fb0afe637385cef22ac374b6cd4d37789040376f86078aa8b2dba,e71679dde2eda0ec06acdb187c7f7b1c51aa4df378ba99601bb8a22c4c53aac3
674,RTU-2026-CS-000674,Janis Lapsa,Telecommunications,2026-03-03,cert_RTU-2026-CS-000674.pdf,1392,cffee8d14176f9689cf939147b4bceb7a5d71ea32b65d0af89d7bdce3687d0e3,1dd21bb24ca4d7b5ff710673a6161836c002af9764add154a3a3bb6a89e14ae8
675,RTU-2026-CS-000675,Sofia Costa,Computer Systems,2026-04-04,cert_RTU-2026-CS-000675.pdf,1382,1885c131a51b60bc58c21f9c6bdbb538863327e69dae31d94b1b2fac773749d2,fd362254fc39331f6e515592fe443e4a7cea2908b157d24f38d494fa99d122c9
676,RTU-2026-CS-000676,Marko Meyer,Information Technology,2026-05-05,cert_RTU-2026-CS-000676.pdf,1385,34998f8c37339d9b4036455af9eec7a76426c433dc6d97fd5c4d6f26bc68580e,e576b924d97b8d61c846d96c4e2e10ac59b3d403fd2b431f4e97a5382259c2ea
677,RTU-2026-CS-000677,Liga Zarina,Applied Computer Science,2026-06-06,cert_RTU-2026-CS-000677.pdf,1397,908d5b6e363c8c20e3b32795969b2e7eac8fe524a3c2c734b4f37e57da095098,37c75cd805ea126bd8e596468785f48d15fc0385950e3399f7001bd023624aa9
678,RTU-2026-CS-000678,Andris Turan,Electronics,2026-07-07,cert_RTU-2026-CS-000678.pdf,1381,46ae7b7cebfe3c71df117604c91b833c54536a4deda76caba748b94df0593aca,e2c1388e5d0ca4d51720ca520d9d38451e7e73b91e00e4bc705399178b690427
679,RTU-2026-CS-000679,Yuki Berzina,Telecommunications,2026-08-08,cert_RTU-2026-CS-000679.pdf,1383,895d9b7536eb2af3e084d164e6d1773e972b9ed3aff70e81a72752740aae9e12,e7e891b52534e7276e56f0eb7941c047b006c3b644f7ee62a4ae7ae307275d6c
680,RTU-2026-CS-000680,Omar Ozols,Computer Systems,2026-09-09,cert_RTU-2026-CS-000680.pdf,1386,9e5df6cd532d9b91cf109241290e9a8464987f4287ab1b95073e973f00d76fa2,97f2c8f0bfbfadc0fe83d5d1ce38c52787dbdbafd1aae2987b99f19e750c04ec
681,RTU-2026-CS-000681,Anna Kalnina,Information Technology,2026-10-10,cert_RTU-2026-CS-000681.pdf,1395,c7506c81ef1b4d8c0a46702b8e5b77536ac8c0aa6ac6236146c21909536e8920,7c429d783812afc793fb0487cd0d4c91e2d112df7a738cad97bf184d32cfecaf
682,RTU-2026-CS-000682,Pavel Petrov,Applied Computer Science,2026-11-11,cert_RTU-2026-CS-000682.pdf,1397,718e9b5d62b647abd08d579b5827917dfd374c35d55e7c8d702c1bd5faa756f2,eda31f7e6ebc7b4b35a66f11e79838cc662500d18d8a3a2db336f450ac2b8c7a
683,RTU-2026-CS-000683,Nadia Liepa,Electronics,2026-12-12,cert_RTU-2026-CS-000683.pdf,1373,08e55788b3fe9c826e81e12d1a435cb18410d546b8e56e9bfe65db6f309cfe4e,fa96a02226ea000e7c31235e442a0b79347af2895ed950b32de6314e75dac080
684,RTU-2026-CS-000684,Tomas Vitols,Telecommunications,2026-01-13,cert_RTU-2026-CS-000684.pdf,1387,e4b139e9fe92b798c52dcce7a1900ff2f6506175b1d800b287c185734707c1e5,b8c42e01b4de89cf340385a0d1f1ab993d9319c652b393ffc51a6630647581b7
685,RTU-2026-CS-000685,Ines Tanaka,Computer Systems,2026-02-14,cert_RTU-2026-CS-000685.pdf,1400,f38e9697e53df695b172737478e48964f1ae5423c45669ce78bf1217da2673da,4093933337c6fada1800581549af129db499c6c87a3693c1707af0dcf9e50136
686,RTU-2026-CS-000686,Karl Haddad,Information Technology,2026-03-15,cert_RTU-2026-CS-000686.pdf,1394,926dc57bba2dda7c32bbb853c1603b0cde957f5924ae98d465e37c175c99cea5,4faaf4a6ba4260104bbd649deb12d263081e5107b3909e6560411dc8f7c6c7ed
687,RTU-2026-CS-000687,Rita Novak,Applied Computer Science,2026-04-16,cert_RTU-2026-CS-000687.pdf,1389,cee131d1c28a223e8004ae9529d8ba379e165382fc9aae947021e89c32c18be8,538f0c58051815ef3886f3ea49ceeac9010f1b1e4ae22bdde6fb81f175f0a235
688,RTU-2026-CS-000688,Hasan Saar,Electronics,2026-05-17,cert_RTU-2026-CS-000688.pdf,1371,3dc1d26774b62ba5c738d0570d09a5bf8c39e6cfbe0f06afb63908c15ae3d85e,711ec7adb18dd1c94c2355f9dedc4d0fb515a50e31845a6223067979eb996358
689,RTU-2026-CS-000689,Elina Lapsa,Telecommunications,2026-06-18,cert_RTU-2026-CS-000689.pdf,1397,280fadab87d0746e769e7d1dde34939f3b04c6e5f2ecfd09255b41665ab32f12,c628ddd542eb1e0e077c000dd0b0ad7ffd7c3249561eed749ca7fbae221fd29f
690,RTU-2026-CS-000690,Janis Costa,Computer Systems,2026-07-19,cert_RTU-2026-CS-000690.pdf,1393,070d180a20415794fa2bdb10516e84d6c08e08e732a6a49265f8bdafd99e9b75,7f31ecd2a8d9fa9f16e377ad0042ba4ef1e154e3b145028a491f616e1f9ff3dd
691,RTU-2026-CS-000691,Sofia Meyer,Information Technology,2026-08-20,cert_RTU-2026-CS-000691.pdf,1385,b4f8e8d03aaf85d18f7e6696843721d426180835abc24f0985de53f37e02bd31,f5f06398edc1c3ba561803f5099e3a83194738ce0a6ed8fc9c56a288c1aa1fde
692,RTU-2026-CS-000692,Marko Zarina,Applied Computer Science,2026-09-21,cert_RTU-2026-CS-000692.pdf,1393,52c33949ae5071eaa711672ae868a5d13826f64321b9551e4a415054e879a522,dc915b2b02648ba70fe03b1c27f70bc931c7d781de83ddd290f9921a6fd5ff41
693,RTU-2026-CS-000693,Liga Turan,Electronics,2026-10-22,cert_RTU-2026-CS-000693.pdf,1381,25f767a2c4550dfab3467990ac2ca60897e7c952364680d93030e1e3f30f50c0,4ec45639826b3f617ff35a1e2c7fa2572e4eb58896a186f35163cb9f5986213b
694,RTU-2026-CS-000694,Andris Berzina,Telecommunications,2026-11-23,cert_RTU-2026-CS-000694.pdf,1398,3023666fccf80c70a9feacbb2215713bf938c5626d3ff377891a9c02378b24dd,20c1b3baa1f45445a18d7e66ac2fa8dac986c027513acf1b82867fa493d3fa5b
695,RTU-2026-CS-000695,Yuki Ozols,Computer Systems,2026-12-24,cert_RTU-2026-CS-000695.pdf,1388,8e0f55f0c31e2fd4e38a81c7fc54f1f0f4b460ccc8e2b7c9581c2853e4ae6dc1,cbf939ed1b38da6b5e03bd741f5eb004a66131945a740b4dd102b7cdabb8abce
696,RTU-2026-CS-000696,Omar Kalnina,Information Technology,2026-01-25,cert_RTU-2026-CS-000696.pdf,1385,6b5f8df4779864ef9f2c560a7810750328fc1d564d095c3720474455861b512a,560704f3881f45d179625dfdd08d71efb5c5ddc214994353b32e8dfd01b702fc
697,RTU-2026-CS-000697,Anna Petrov,Applied Computer Science,2026-02-26,cert_RTU-2026-CS-000697.pdf,1399,7db9ff93ffc25f69acfbc505c5b545d78539a05a79fbcae2fb737742f86c1c1c,d890f5a46273d3de2cab2fdd02ab3365cc272b89c51b908efb0794bb5c885c86
698,RTU-2026-CS-000698,Pavel Liepa,Electronics,2026-03-27,cert_RTU-2026-CS-000698.pdf,1379,c0773466dce421449b2404edc089c4401f98e33e767e2cd095fe4ee058f06927,a93ff3c0a38d3b1acab9042d4c19573f359646381c5f71a3e9bd5d56781e1d42
699,RTU-2026-CS-000699,Nadia Vitols,Telecommunications,2026-04-28,cert_RTU-2026-CS-000699.pdf,1386,02689b4c8fe0b707b597982d28e7cf2e500aba4b38bf075d5a33e3f6055bb232,95a624df24c5ef7429c40e39a64b271a7c48c4f3fec06e03325b920e86f10a1c
700,RTU-2026-CS-000700,Tomas Tanaka,Computer Systems,2026-05-01,cert_RTU-2026-CS-000700.pdf,1385,a1059e24eccf51afb7bb8f34500b0065defa70449d3febb801a37414e61cb40b,04ce792ebbe07c5c89d8f3f22e323405eabc4bc47c68660d58b29194e981cfa5
701,RTU-2026-CS-000701,Ines Haddad,Information Technology,2026-06-02,cert_RTU-2026-CS-000701.pdf,1392,2eb0850059f7f01ee7f073b83756f8d846f92d777fa1e8f035f308754565e72a,62be68c76fd8b1a75eda8bf575380e4baafc6b46a5d50e2916baab97288f8c81
702,RTU-2026-CS-000702,Karl Novak,Applied Computer Science,2026-07-03,cert_RTU-2026-CS-000702.pdf,1395,c0408b4e96ffaed26d43f5cb7d026377d39b654695211b0c021ff23f95039ed5,dba267ae9147ca98af8d6d7b1c3c6cb55e50edc3be5e08ed2e7faa090b9ecde7
703,RTU-2026-CS-000703,Rita Kowalski,Electronics,2026-08-04,cert_RTU-2026-CS-000703.pdf,1372,4a75ad489309bdf137a3952584a559590da086d5d84cabd4b4eede836f72dcd7,d521c6f269fcf6e3ac607d9772dd96d087bc0f547a7c70aa3008977a8f01b1f1
704,RTU-2026-CS-000704,Hasan Lapsa,Telecommunications,2026-09-05,cert_RTU-2026-CS-000704.pdf,1384,9130a49c426bce684bc53932f4fdf3e32fabc95556ccb1cd26320c21a82362fb,c678fac685a5b59f2c7ae17b4a4284f5cc9498ef0233dbd5bd308ffaa3d3f9f2
705,RTU-2026-CS-000705,Elina Costa,Computer Systems,2026-10-06,cert_RTU-2026-CS-000705.pdf,1395,5ca9351ceee9fda252561cf3d6ba2347fd252de02ac8278cc4be41c5f99408fc,64e29d19a21dbf1bc34a641063d0bc9e11dcb2dcc497051ff7398212a8618fd0
706,RTU-2026-CS-000706,Janis Meyer,Information Technology,2026-11-07,cert_RTU-2026-CS-000706.pdf,1392,5b48d496239a1327abc0dc3e83eb70094a1560ed33e3f7e7685382747de12118,20bc98e127c3618057a8936c5c8f9cf338c6051088cfe5f1bb7ce32cbed963d9
707,RTU-2026-CS-000707,Sofia Zarina,Applied Computer Science,2026-12-08,cert_RTU-2026-CS-000707.pdf,1388,f864533da6c6fe975bbe3c19e7b12b1f9b40dba658d5ccf68ec6553f94b17180,0d98e08327782ff90f93bef929f143cbf8788399dc2db6f31d1ae7f07cfeb065
708,RTU-2026-CS-000708,Marko Turan,Electronics,2026-01-09,cert_RTU-2026-CS-000708.pdf,1374,d1facf198e7ed6797b877e00c56171071658014b423c87af12cf088002d133b8,7d681722f0b66369f1a4f00eaf2bd9deead31fd1cf0693680f98a05cd1edc4d8
709,RTU-2026-CS-000709,Liga Berzina,Telecommunications,2026-02-10,cert_RTU-2026-CS-000709.pdf,1392,86e6533e71a040bc3869265ae9e99bec1d0265dc01354da4ba1e06d337fb1532,66150150cfc32652d3d4907180fa49b7f4e9f0a319d12fd31d7c839347e2a64d
710,RTU-2026-CS-000710,Andris Ozols,Computer Systems,2026-03-11,cert_RTU-2026-CS-000710.pdf,1392,993d6dec3c2d0cde0e93580e56dacea2e9816f06a106adf8eebbb1cb5363e913,44c579c51c0d0efe5464a60ed31991c82304304c3da8c728c0ca267ecfb7439b
711,RTU-2026-CS-000711,Yuki Kalnina,Information Technology,2026-04-12,cert_RTU-2026-CS-000711.pdf,1385,4ca92da24e29e5be92de8c15ae8d9d27895895bf4bf2c91b9a61282f16760fac,58fe61dffc6a93823191b1c4cb19d3a231313fcc9b01fcb20a791f3e30035664
712,RTU-2026-CS-000712,Omar Petrov,Applied Computer Science,2026-05-13,cert_RTU-2026-CS-000712.pdf,1390,ba1467b68b64c1f400cb74d1446c040ffc0506975bb1dc0a7c11e25f6d5499fc,a872b33a2d84f24388161d87da86bcff32d8414b8d875f8131eff71fb1336423
713,RTU-2026-CS-000713,Anna Liepa,Electronics,2026-06-14,cert_RTU-2026-CS-000713.pdf,1381,48801c1ca2dfab1a379d369e6462463e6d5133c03abf05b24b674fea684f88e2,23c101186eaf8ba0a0ede1407474345194a51e829962c8908241a44752acc39d
714,RTU-2026-CS-000714,Pavel Vitols,Telecommunications,2026-07-15,cert_RTU-2026-CS-000714.pdf,1393,188f15b978912b76822230ae75a31d6e558561fa5770748ff6308b5d73e734d8,049c1d6d98c5e83ea724e251d314dcfe475c4c17dc16e7c815037cb8cae178d6
715,RTU-2026-CS-000715,Nadia Tanaka,Computer Systems,2026-08-16,cert_RTU-2026-CS-000715.pdf,1384,9949253d068304d8cfbee1b290b0a3f3f8b5bf40853a686aa1f5a503b772e54e,b8e0169908f3dff094ddbcce23af18e56dbc4ff140ad80ae21b33a9f6dbeb8be
716,RTU-2026-CS-000716,Tomas Haddad,Information Technology,2026-09-17,cert_RTU-2026-CS-000716.pdf,1383,12c7e5662173dc858116062e0e28fd87e6d62730f5cdbb064c3d1998e4d92528,6a3f725c0c69a50914be317a58dafb074ef974ee4e6ad8ae2fa1ba3db956a932
717,RTU-2026-CS-000717,Ines Novak,Applied Computer Science,2026-10-18,cert_RTU-2026-CS-000717.pdf,1398,9ebfbee4b5a202805c1bb27ccca44c3e5d7ee21bbc7c4ac1ef63c006f4251136,4803c9570b29aa01a766ddb295b2b94877f2066e2e5be82ca27e4b8712003e88
718,RTU-2026-CS-000718,Karl Kowalski,Electronics,2026-11-19,cert_RTU-2026-CS-000718.pdf,1380,a69d3f3f3c6fce5bdb8f628dbb66074d90340b5ff737f0803530fd31f2f43f4a,65349a90884f85d85ccc306d45a24b8b609411a4f46fea059bc7fc9423e43698
719,RTU-2026-CS-000719,Rita Saar,Telecommunications,2026-12-20,cert_RTU-2026-CS-000719.pdf,1379,3688b7d4e6fdb734b228757f86a1fc75adfff259b42538a09680f25338344d77,f40d6ab23041d126fcd8d9322e18726820d621bd0965daf45e24e29fa8e439f3
720,RTU-2026-CS-000720,Hasan Costa,Computer Systems,2026-01-21,cert_RTU-2026-CS-000720.pdf,1385,eef324e239731d071c482fcfa51d2520c7b6a4a5078f867b744cbe0ffbfa5121,34d7afd2ad62b736d8f37a9804c45b90f62f9e9ab6db7df45d39c6542db39290
721,RTU-2026-CS-000721,Elina Meyer,Information Technology,2026-02-22,cert_RTU-2026-CS-000721.pdf,1389,8c6bd45ee195c87b4bf80299ad3eea8a7f6e41181fc26c4b48f00af2aec0063a,249cf7bacc655645d66839f996f155602a4551035c4dd21d79deca5e2ed79b6b
722,RTU-2026-CS-000722,Janis Zarina,Applied Computer Science,2026-03-23,cert_RTU-2026-CS-000722.pdf,1396,97ad373cb080cf4587cf6f0e78a2c0a28024f1b536b5ec37acd171ee76cea036,380d45f6c5afbe70d3f184a133aebd483cfa324bb64faf2f510c8d62ed0e2ca5
723,RTU-2026-CS-000723,Sofia Turan,Electronics,2026-04-24,cert_RTU-2026-CS-000723.pdf,1370,d4a8a04f5dfa5315931b1a34baf1c4f9148b43789fa45b2768f89dccfcec3faa,226001c99a5fc1a1831e35bf060c1e32d14626e1a0c2dbe19f49f304881fe964
724,RTU-2026-CS-000724,Marko Berzina,Telecommunications,2026-05-25,cert_RTU-2026-CS-000724.pdf,1387,71c019d825f2199abf57d97dccc20d4b0f1e93c369b6a351559f72b533285182,7f37ba0743f286c5356d67c92e2278d4a04200b6dc91990408fb9e7314b8c602
725,RTU-2026-CS-000725,Liga Ozols,Computer Systems,2026-06-26,cert_RTU-2026-CS-000725.pdf,1395,20e1066080cb6117af9ce4fe5534ba7e56d75badf4c26977651d0b72a99ae5a9,22b58d803211beecaf9e45ec303b7189d359d5440b9c924d71216fcede708da9
726,RTU-2026-CS-000726,Andris Kalnina,Information Technology,2026-07-27,cert_RTU-2026-CS-000726.pdf,1393,501a79cc43c7771c0c665d8027389b8b03263e8da99468b12800d24cc3b4f2db,beed887460af882f5a0469d615f2413e6b02435444bd6da39cde27421874af28
727,RTU-2026-CS-000727,Yuki Petrov,Applied Computer Science,2026-08-28,cert_RTU-2026-CS-000727.pdf,1388,952cc385a083e25ab80acd96f18203c3239e0bf6238d474e8236995158cfd49a,3498f940439e842416c5bc5ffbb18a11dc9607c442f9958a11b70c31a68120be
728,RTU-2026-CS-000728,Omar Liepa,Electronics,2026-09-01,cert_RTU-2026-CS-000728.pdf,1369,5956f25087fd99de9ec24921e32a1871dd9a4ff3335eb650dc288bc4a775112d,2936c2ad82c894613a7a62debf0a780b589dcd389e67debfa5473b1616ab2639
729,RTU-2026-CS-000729,Anna Vitols,Telecommunications,2026-10-02,cert_RTU-2026-CS-000729.pdf,1394,26609d65d4a5ebb521a1fc2fad3acec258f83015688c853564eadc240b860dc7,595cdca80ce6b8cdb978f52cccd15f780879f37f5247fe63e1642947c317184e
730,RTU-2026-CS-000730,Pavel Tanaka,Computer Systems,2026-11-03,cert_RTU-2026-CS-000730.pdf,1393,4dcefb4452d661cdb8a0a2ec93e423d677ca3224287acf6ae4d000b3f8cf965e,d84b845433bf39e637f4774ab2e2b39d91497857490afef781cee74c4a4ecebd
731,RTU-2026-CS-000731,Nadia Haddad,Information Technology,2026-12-04,cert_RTU-2026-CS-000731.pdf,1385,4a9a545c9880a751eab6a4eea64407de1bf13f1b339f049052ea9c6706b64bde,19ce642cba16a9a4717ed9f758e350d99a58f4544baad939f127a7320bdd6fcd
732,RTU-2026-CS-000732,Tomas Novak,Applied Computer Science,2026-01-05,cert_RTU-2026-CS-000732.pdf,1390,5aa61a175ec92d80dcf658f813193a7628ccb07fd56da4c16f4561549ebfa5f5,e1e32b540bb82be5bd43caef3b33ea55116bb710513a9797624ffc05a0f2253c
733,RTU-2026-CS-000733,Ines Kowalski,Electronics,2026-02-06,cert_RTU-2026-CS-000733.pdf,1384,86a7141c9ef3cf03d32894b798386890a9f87398d4f89e2c2873dae09e9f0ca6,870b96ab41ff2d6dce9e663343757a9234127bc2449e5902cbe43706aece5a98
734,RTU-2026-CS-000734,Karl Saar,Telecommunications,2026-03-07,cert_RTU-2026-CS-000734.pdf,1388,2ab127d8865c53a60a4ade56f80b3e944426792314ba55b87306555d26c0b77b,9ef34a37af5d6e319dd75cfc4d6fa376f92ec9e1a418043c5977d20ea84b546c
735,RTU-2026-CS-000735,Rita Lapsa,Computer Systems,2026-04-08,cert_RTU-2026-CS-000735.pdf,1384,28896f8b9f9c9eda80b32b891326d7ca20c8e133d1ce2af92a9ba6fb23c88830,dfb165d6bc625d30801e03b84db42319322ad8645d2ea706068c4c18e9d470c2
736,RTU-2026-CS-000736,Hasan Meyer,Information Technology,2026-05-09,cert_RTU-2026-CS-000736.pdf,1384,67af2c8e1dbed1940cc31463474e4b13c619731d96b3e18673d92bdd4c0d4e0a,cdccab6f3e46fbb868d95e1747d63428b4ab81d6585a4685b8385b2916d3b3bb
737,RTU-2026-CS-000737,Elina Zarina,Applied Computer Science,2026-06-10,cert_RTU-2026-CS-000737.pdf,1400,0258d12e9fed8027dd89ca5ac4136c6a51b5cb623d81dc3b1e95b36a1cf3a9ba,efd00abc30ab516cad2f9760b466e8e1e667093f8e4f97a5693bbe53fe458cad
738,RTU-2026-CS-000738,Janis Turan,Electronics,2026-07-11,cert_RTU-2026-CS-000738.pdf,1377,e8fcc3d58a244ff40e81aab237a83f42973db8be0241a5fa37dc2f9bcc0658b1,4470b2ff0dfbaf5a1991053b3f0f0e985b7009c18dac35642492ebdb9ecaafa3
739,RTU-2026-CS-000739,Sofia Berzina,Telecommunications,2026-08-12,cert_RTU-2026-CS-000739.pdf,1383,79d972c4e8ad3750006fbfd261b5ed246f4bbe5e2ac23563f79196509b48fb4c,8e7c2faf73c82890de0b162d4e1c328d807a7ce33b43deb6f542f45f9b2b4899
740,RTU-2026-CS-000740,Marko Ozols,Computer Systems,2026-09-13,cert_RTU-2026-CS-000740.pdf,1388,ae11e5cf93aa2ba2a1edbc774c35e6119eb4afc762435f52008ee06d23ae719c,518fb37ead1ee90e96c9977dd2ac1940145dfcc700e7d556c8e15059f9415d14
741,RTU-2026-CS-000741,Liga Kalnina,Information Technology,2026-10-14,cert_RTU-2026-CS-000741.pdf,1397,9f6705a36bc3cfbe207e8597588c80f70782c4f191d92013a620e5d25adef6ef,7c8c2323ce3c41240d9c1e4e50100e15aeb09b132c9c03a5f7a067cdc8014e35
742,RTU-2026-CS-000742,Andris Petrov,Applied Computer Science,2026-11-15,cert_RTU-2026-CS-000742.pdf,1398,06ed9b5b8071bff21ae4dc04bfd87519599b832dd7e2c56f5c5a1863135f22cf,21ef6488ef6d0fc26bed6d2ed6030ba4436b7be07ca916eef5e0dcf87a146941
743,RTU-2026-CS-000743,Yuki Liepa,Electronics,2026-12-16,cert_RTU-2026-CS-000743.pdf,1370,17839df60e102b408ed98f052223c5d611745d7d87b3be363f8e9801ef596fb5,8b838b6a2e9966aee45fc048997674b7ed7b43a4887f1e32cda08336fec78699
744,RTU-2026-CS-000744,Omar Vitols,Telecommunications,2026-01-17,cert_RTU-2026-CS-000744.pdf,1387,22dc89958e275abfe064e7838fbece2505dc9723f3fb1ba34037a3eedb000d36,55f1aba5be038c3fdb92b487832e001a3da033ecc85b85b23a6b692280d503a2
745,RTU-2026-CS-000745,Anna Tanaka,Computer Systems,2026-02-18,cert_RTU-2026-CS-000745.pdf,1396,d7d1808cf4025f46d4d61cdf30eea7392908702584f0864e647d7c405763d5d8,c3d79aa22bfc664493f22db8f5f5e05c0b55687ed9de7ade6b06b7f2a514ede0
746,RTU-2026-CS-000746,Pavel Haddad,Information Technology,2026-03-19,cert_RTU-2026-CS-000746.pdf,1393,44f2d96493e1dbe29620fcd9ae78ea95bf6021335cb2dd4b1a735a41b7265a12,c94d1abb4f33c73d621c4f26e1ce78835a600341778876d1311c9a7acc6794a1
747,RTU-2026-CS-000747,Nadia Novak,Applied Computer Science,2026-04-20,cert_RTU-2026-CS-000747.pdf,1390,63a5a61490d485d476127678d7df785fe969782c59d8740ac2da16f30cc14e70,0162baffecf81bfadd0e3fdb165dc8818a63ed8183599e5c746b61b29230c472
748,RTU-2026-CS-000748,Tomas Kowalski,Electronics,2026-05-21,cert_RTU-2026-CS-000748.pdf,1378,88a265a30b8a36c3c7dc2ee8f9b058bb6fbfe0bbf64ac156879b12fc422036df,261b4a2bc955bbcbfb5f6b002f665189890b402b7ab5df374d2c110f12720da4
749,RTU-2026-CS-000749,Ines Saar,Telecommunications,2026-06-22,cert_RTU-2026-CS-000749.pdf,1390,da0f8d4f93ba052458e368600e92c647f3a197952c800edfb5f829e1c397adb5,ea2b72fe304165d4c50a0cf9f77f4fb4870fc38ca2745cb905d62f88585f3d32
750,RTU-2026-CS-000750,Karl Lapsa,Computer Systems,2026-07-23,cert_RTU-2026-CS-000750.pdf,1392,2123d5c5244c6f61583c7c1dbcd7ab2ac4bca39f53754af9b4bb87bae72b3de3,af1a9828cbdb3d466cdee9ba2e3c0a22a3e1eefb67966a19978dd026e870fa37
751,RTU-2026-CS-000751,Rita Costa,Information Technology,2026-08-24,cert_RTU-2026-CS-000751.pdf,1385,33eb08df571d8ef6fe7ce20263ab4433baa940b3158b96ce9bac95e0359bbb75,0332a86f5ae41fd3f6398ccb9d7258cb7c2dc8b218a922c7d1181713c76e8fa4
752,RTU-2026-CS-000752,Hasan Zarina,Applied Computer Science,2026-09-25,cert_RTU-2026-CS-000752.pdf,1392,c2b9f9466592f81ba5429c2c9de8b94b13186468bcd9263fd560b0c293ab69c1,340bf3cded403be61c505a1d0717909207b0b47156b37d30b2aa57b51e3f982f
753,RTU-2026-CS-000753,Elina Turan,Electronics,2026-10-26,cert_RTU-2026-CS-000753.pdf,1383,5db30299453835272178228b22208d15f4e0980d70f7452c7b1fb96f75a66877,c4802dc61f0736f9d6fddfe101a9da191ece4c8346842bb1baa57afa83a28c91
754,RTU-2026-CS-000754,Janis Berzina,Telecommunications,2026-11-27,cert_RTU-2026-CS-000754.pdf,1395,ee99ee162f5ce38babf06df8f09b1e808d1c12c3007513cea7b33c571912c9bc,079cffa7e36d701de2c7e6908d68ba484aa1eb520c20f92729e6c74acdac52bf
755,RTU-2026-CS-000755,Sofia Ozols,Computer Systems,2026-12-28,cert_RTU-2026-CS-000755.pdf,1383,a5bfbd7cc5610acdda0176a8c1c95bc24a3c14b0f47570193e4374d49801353a,41361008eec9b792a22dc8cfe6a97140639c12f3d49c6deebd623c1a20f33315
756,RTU-2026-CS-000756,Marko Kalnina,Information Technology,2026-01-01,cert_RTU-2026-CS-000756.pdf,1387,f5be6bbc42ad4acb6b0dcc9bd2be7dcf0cbf40269f6b97ae2fcb1e6d810128a3,b91a6ac60530929e7e058184d6b141b07924f49031321196a82c59512bc8ae24
757,RTU-2026-CS-000757,Liga Petrov,Applied Computer Science,2026-02-02,cert_RTU-2026-CS-000757.pdf,1398,551c1b91b9c07f96b70ec5fa2630c89209d15e5e168a613b11a428c4ced1b999,72a3975e0c9426fbaebf9222c46523d7434cc37df8e210c46d294f7e5df6fb1c
758,RTU-2026-CS-000758,Andris Liepa,Electronics,2026-03-03,cert_RTU-2026-CS-000758.pdf,1377,dd025bafb7e20f583932fc493111cba62c80bdaaabbdb2f166fd6bf48d5575bd,98e249bd361c368ec41a506774e25a2ac508794a35dd60783a1c1f3e305e478c
759,RTU-2026-CS-000759,Yuki Vitols,Telecommunications,2026-04-04,cert_RTU-2026-CS-000759.pdf,1382,de30004cd71d5da2fdf3cb623f80cd47df0a466dcb3e22ba131b7a0f10d530dd,ac819c3bcbffb57b52ecf6b65b1f595c6a9ca881f426ec5edefd36c36b5da707
760,RTU-2026-CS-000760,Omar Tanaka,Computer Systems,2026-05-05,cert_RTU-2026-CS-000760.pdf,1386,9cf635e6ad38c934c7a85e47bfa6908e07aaf181e4bfc93b775735ccfe842ec0,7f65b1cecf6ad02f7b3d8c56de9a4345fe1b2497a6d847d7ebb0301e7e50c1d4
761,RTU-2026-CS-000761,Anna Haddad,Information Technology,2026-06-06,cert_RTU-2026-CS-000761.pdf,1392,f16242f31b757015f1a0751ea1229b153560bee9bedbdf7e25a7b4b2dc99f978,4292b1ec173f206c990415001f40fc7697bf2e1af99825b234edfe7f643e6533
762,RTU-2026-CS-000762,Pavel Novak,Applied Computer Science,2026-07-07,cert_RTU-2026-CS-000762.pdf,1397,531f01740d1f7b4913db1322ca520ba6c8b5361eb7f6b13e5ecc728d5a001890,465d11b25371120f6b8e850f1d1d30b01ed8d84767a54949b7c4a03aa7bdd3de
763,RTU-2026-CS-000763,Nadia Kowalski,Electronics,2026-08-08,cert_RTU-2026-CS-000763.pdf,1372,b3c0885379a2ca0d248070a728e916e81392dda98e15806ab8e5431b45d05ed5,43b52fd83590aff9ed386b57b26853e87094cca9a96a4fa0dc5b271e84a3a7b4
764,RTU-2026-CS-000764,Tomas Saar,Telecommunications,2026-09-09,cert_RTU-2026-CS-000764.pdf,1380,a5273b2793b09801075f0f8fabb55f4429219917eab1a72a6d5df84da53ae786,d9a7be7dbf11e3e9ad0008402e476c5ae26b3460beb46f519080c47cf2d5d64e
765,RTU-2026-CS-000765,Ines Lapsa,Computer Systems,2026-10-10,cert_RTU-2026-CS-000765.pdf,1394,6f44f54a06d3d80071a7c6329bbe79e4738fba6b6848ce3a90956768f78bbf5e,c93ab2997f918c7f3f6932a64ff053d2e50e9d9135d9e2e9c1032e86f52d3413
766,RTU-2026-CS-000766,Karl Costa,Information Technology,2026-11-11,cert_RTU-2026-CS-000766.pdf,1391,f830c1181f8f4527a0a5e285ee7c4dae4a48630d7c7b044885c3949fde805ea5,b5825472223d65949aa5061c4dd2e490968b338c418945b49fcd0f83b48ecda5
767,RTU-2026-CS-000767,Rita Meyer,Applied Computer Science,2026-12-12,cert_RTU-2026-CS-000767.pdf,1386,a29e5e0c0e75d2d10a0f2a653f2cd14ae198d41035aab50facdf21e11bafbaf2,4050194c1c257478ac32e85095240c6560339046fd5480c287d62fe5013ce36b
768,RTU-2026-CS-000768,Hasan Turan,Electronics,2026-01-13,cert_RTU-2026-CS-000768.pdf,1371,203d61239633a9cf3afbebee63d0caa78891ca1457b5dd89693d7e6b5da0e0f2,78a76ca5772d62ea69eeca54770a3c81ca60646f547b00634a79dc92bcb6af28
769,RTU-2026-CS-000769,Elina Berzina,Telecommunications,2026-02-14,cert_RTU-2026-CS-000769.pdf,1397,c4d1f0521f111f98b065cdc0debd0f505abd5694bb5e7ac13a55c55124020d6a,b05429155e5bfd44d7adc8d9679474cf00d8f65982dacf361258e74fd85ad416
770,RTU-2026-CS-000770,Janis Ozols,Computer Systems,2026-03-15,cert_RTU-2026-CS-000770.pdf,1392,7a648a53c48d5397f1f5f97728b1576d904f2f306d14f724d2c774aad8928c68,6ff2ff1db9682ebb69b95725db953f5427ab3edc4fd5f155fc024f4ab047d474
771,RTU-2026-CS-000771,Sofia Kalnina,Information Technology,2026-04-16,cert_RTU-2026-CS-000771.pdf,1383,6f3b101f8dd96ca6ed7303f01b07d970441a0cd88597f3e022788925fe3446f3,fc383d0015372cb801428ada1168450d0324f1b91f2107d702962f93918ba89c
772,RTU-2026-CS-000772,Marko Petrov,Applied Computer Science,2026-05-17,cert_RTU-2026-CS-000772.pdf,1390,bf432dead5aacbb2ecb3e405a0fc12377bd5b57001611e76098d1568520436c1,2d5f3bb33a4e5fb898f7554c7e045c4ac0112e17c69f75d6dba251d1c68e4c2f
773,RTU-2026-CS-000773,Liga Liepa,Electronics,2026-06-18,cert_RTU-2026-CS-000773.pdf,1378,ac223e434c47cf4c6555aef848e1de52daee07e0573a5d05815d1d683c40767e,b42200146df858fb2628237eb6ef0719fea147a7c9d7d4c7e4bff11e86955bcb
774,RTU-2026-CS-000774,Andris Vitols,Telecommunications,2026-07-19,cert_RTU-2026-CS-000774.pdf,1392,6ec4a48d3c2054e186ba70b56c16c3a978484bfaded14edc52e3dfda2e37f5e1,0161de397bcb83498fd5c64888a0910f00f1d8aedb3e8a005c0493909cca1908
775,RTU-2026-CS-000775,Yuki Tanaka,Computer Systems,2026-08-20,cert_RTU-2026-CS-000775.pdf,1381,203b836bf0310af13c3703f4831b5d91446342476933cd11a3f7e4da96802ffc,6d3de097d8051a3dd0dda418b91e6fb34297e1b7071444b33e7a991b4d92dfe2
776,RTU-2026-CS-000776,Omar Haddad,Information Technology,2026-09-21,cert_RTU-2026-CS-000776.pdf,1381,a975aa57afe81163f9d61b898fb0d2f03300960a21370735aec9661ef272f32c,37b3b5e97b9fb72b42ee6ec41a68a2b722698793d615fca006ee9e4511a8c26f
777,RTU-2026-CS-000777,Anna Novak,Applied Computer Science,2026-10-22,cert_RTU-2026-CS-000777.pdf,1397,8ce8a8e938d89ff87f5636bb1a9c96d91b0b67215d52f1abd8242ea18f8db3c0,5dbcc64cea73479496653fbe8519f04c29aa153b1b30e273d7a638068008aaae
778,RTU-2026-CS-000778,Pavel Kowalski,Electronics,2026-11-23,cert_RTU-2026-CS-000778.pdf,1379,43230acfe9d64c7c1efb2efbe70c00bee7dc56b6fd16d368589a2dc18c66e5ac,bc3e8daa4866abc936221929e8aede557022eb39b9ea968967943b256e1b4640
779,RTU-2026-CS-000779,Nadia Saar,Telecommunications,2026-12-24,cert_RTU-2026-CS-000779.pdf,1380,bb636b86bfd845cbcb2140f46005b2ee573d14318c79c55987cbf04362832aa3,bfb9704fe2607393b9290c5ae919ac452c9a8fa5aca13f1aa675f50bc95f40e8
780,RTU-2026-CS-000780,Tomas Lapsa,Computer Systems,2026-01-25,cert_RTU-2026-CS-000780.pdf,1387,fc423f5579c98efd9073d4e428063adb99814c27e97cdc80e6f40487d4e00d8f,e456eba4fa5ab68622395dd14a80b8f7709b6e9ef360b9a46a4238f76905b768
781,RTU-2026-CS-000781,Ines Costa,Information Technology,2026-02-26,cert_RTU-2026-CS-000781.pdf,1394,2ef8d7b0d6d3babbc24f3412d3255b3063133bb910b18571f6431e42cb75b9d2,e0a13a7b1d137079dd90a8cb613dc5aa6d74e07375ffd8672dfaa3f8e8bcf142
782,RTU-2026-CS-000782,Karl Meyer,Applied Computer Science,2026-03-27,cert_RTU-2026-CS-000782.pdf,1397,61b23e866b5035c0aa8f9c76758c51a41247b2d3e8a53481a90a30ba3e44f3a9,6afbfb454eb0af0849a33c80d073776592c55f0f1b647823635facebd8f5fe0b
783,RTU-2026-CS-000783,Rita Zarina,Electronics,2026-04-28,cert_RTU-2026-CS-000783.pdf,1370,597d30f0307dcd3fe3f34f9b44a2c68f9f43c1267653dbbeddff52a8bf1f2c06,dc46e9ff89f7b63cf5e1a9ae96736e1f97941f4fbd9529e509c125c7c2d7927e
784,RTU-2026-CS-000784,Hasan Berzina,Telecommunications,2026-05-01,cert_RTU-2026-CS-000784.pdf,1386,d2866c18bef83cf36dae531e98b7cf19b982ba4c570f7485433e43d27603b4e5,9b9261664b7b167decc9287f8fac6241183c38027a8590af1bc14c314f730af4
785,RTU-2026-CS-000785,Elina Ozols,Computer Systems,2026-06-02,cert_RTU-2026-CS-000785.pdf,1400,dae4e0259be8ab7b480a8dc4009a4ab09bde5fd409ac6b346ab2109e6cc18f59,aded0fee4a4e2f90585870c89f0b9a2422e269c4a1a5f36ed1cfe076104a843a
786,RTU-2026-CS-000786,Janis Kalnina,Information Technology,2026-07-03,cert_RTU-2026-CS-000786.pdf,1394,b43baa264c994aab51913475c1d94562cd782808a985d78c799b672b3b11837a,231407c8e8b211d5bf598d00025e94b718425207caf6ab3043acfbf29c3495a4
787,RTU-2026-CS-000787,Sofia Petrov,Applied Computer Science,2026-08-04,cert_RTU-2026-CS-000787.pdf,1390,deaf055cfab8312b32c6419f20158b7c0fe8f82e2ab8453774a576ce70de8f2c,10ce10dacf08019766631148745c8526aeab388b3c1878747be005072ff788f5
788,RTU-2026-CS-000788,Marko Liepa,Electronics,2026-09-05,cert_RTU-2026-CS-000788.pdf,1369,f586f324df1bbd83e7cce3742fa58f139158b5b8c5a528e982e0b0b04300339d,e22e2c48c7b0f1bf8e8555c1039616739e918a558c54b332a8be8b3364e01af2
789,RTU-2026-CS-000789,Liga Vitols,Telecommunications,2026-10-06,cert_RTU-2026-CS-000789.pdf,1396,3269bb03a58796c89cc80f4d33d56483c9f0969d9f833faaff4463fb53afe8dd,14cca699d1f133b75df46c74413282210b6ea35153a3d9bb5eb82fe3256973c8
790,RTU-2026-CS-000790,Andris Tanaka,Computer Systems,2026-11-07,cert_RTU-2026-CS-000790.pdf,1394,7b8a471212976961f9b0493c7db4ba29fe1a66cbc91c801e1004b1ac53c3a73e,756a5221f48db196adc97e9c1e36f2eb21dd97d6f35493a9063ff20a50077441
791,RTU-2026-CS-000791,Yuki Haddad,Information Technology,2026-12-08,cert_RTU-2026-CS-000791.pdf,1387,f001dc1952192e030e22cb3d6b0f3f1ce8db543ae1568896695f07fdbe000f11,43aa77150c30d9ea46ffef4309f2dc85d9f1640d43c829d024578792703cccdc
792,RTU-2026-CS-000792,Omar Novak,Applied Computer Science,2026-01-09,cert_RTU-2026-CS-000792.pdf,1391,de47efe5695a25b5b7046f6dbdc3b4af4d4bcd5a59c73ca68f563219390179bb,911b43fc7f8e82258e4dc48ff6db904f67107d4d25eb7db01022f462a41d9e30
793,RTU-2026-CS-000793,Anna Kowalski,Electronics,2026-02-10,cert_RTU-2026-CS-000793.pdf,1387,d29c31048f07e89b53a4d53a3b9ae18631195f413393be722f3a376a45a2843f,76f3c605852e0190264aaa68efbd4c9e37fd5e98bfab169a95568d559743c78c
794,RTU-2026-CS-000794,Pavel Saar,Telecommunications,2026-03-11,cert_RTU-2026-CS-000794.pdf,1390,c6b2616e39e5ba1d2adcc6ea671ff0fcb5605dc2bbfc9840156b23ab94465161,e50faf5279f08350a6ba3b34cd6457d76a60f6a457e2e25331d49850adbfa4a1
795,RTU-2026-CS-000795,Nadia Lapsa,Computer Systems,2026-04-12,cert_RTU-2026-CS-000795.pdf,1386,a97d7556d8eb78ade532a556e889a188c57b89784c5476859f5721eb7cac18c2,c0260ce286e88008a185b8584798c49e669e75fd0936fa066fcc575ef79f49ce
796,RTU-2026-CS-000796,Tomas Costa,Information Technology,2026-05-13,cert_RTU-2026-CS-000796.pdf,1385,f037a06d2031d3c47a5310753265269167e9a7e41f73f1459c7d02d5936228ef,2981585eb41eb6d3ca99650314bbb4681e342a617f4ed17c9424d262fcbad531
797,RTU-2026-CS-000797,Ines Meyer,Applied Computer Science,2026-06-14,cert_RTU-2026-CS-000797.pdf,1401,8d982c3655b9713aa64fc32d3a8374938eb9acf6846b2e1a2208936edebed806,4c4aaafffa7ed4798efe0d9cf9c3eaa52d97eba38af3a056a0d082774773b5b3
798,RTU-2026-CS-000798,Karl Zarina,Electronics,2026-07-15,cert_RTU-2026-CS-000798.pdf,1379,996c0ee3ec60c03f5dcd4f28ea9d0225aceee69b474d563b60e5b72bb0b8120e,feeed321a0ffdf3c13f34d82b4d75742add30503fad6347d425cd03781d1e9a7
799,RTU-2026-CS-000799,Rita Turan,Telecommunications,2026-08-16,cert_RTU-2026-CS-000799.pdf,1382,b17de88049b238d68a6fb5a84561e36b8e2058649cf7ac9f9251d822e1e2d2b8,28e61ebc327851c5657e5e687311c494ac8afea69eaf71431a81bebd70fd6231
800,RTU-2026-CS-000800,Hasan Ozols,Computer Systems,2026-09-17,cert_RTU-2026-CS-000800.pdf,1389,0c0bfe363bcfe3a2b9963a26d13613ec8e3c4a4e67ce95fc406350a40c7385a7,87a416d080da96039c7effc32394488362d8158d8ac9349ddd1defe526e85ac9
801,RTU-2026-CS-000801,Elina Kalnina,Information Technology,2026-10-18,cert_RTU-2026-CS-000801.pdf,1397,d23979dd581c849ba8c6568af8c424a3ac5e7604109f596a8d2af91293b82d35,1915fe02c63b73164bdc181743253696a304fbc8112cfd66431d055e66aed0ba
802,RTU-2026-CS-000802,Janis Petrov,Applied Computer Science,2026-11-19,cert_RTU-2026-CS-000802.pdf,1396,ca246c315b80c04d17c1b1d008a7ba2718428fa5ad86c58bf000a6addb3bc344,b12092ecb97a83141ffaf95bd53b29cbb45b4684b0eae536f38a217440dad5d7
803,RTU-2026-CS-000803,Sofia Liepa,Electronics,2026-12-20,cert_RTU-2026-CS-000803.pdf,1371,1ef840e47adbe5f94479c1a07797ff82f15bce021a8a1a2a6cdd8d8f7fa7cc58,b353e602b73cd504380f6badb96c796864ec99e8bbf54f1c6227f4635ac381f7
804,RTU-2026-CS-000804,Marko Vitols,Telecommunications,2026-01-21,cert_RTU-2026-CS-000804.pdf,1389,a3eddd02db7d59db69522e46fa239b8b02dda0a1919ad968c6103e6ff9c82c23,62092b9ba1888ced216dde665a5cd2fa882a119f88554c3d471a5467034ee08d
805,RTU-2026-CS-000805,Liga Tanaka,Computer Systems,2026-02-22,cert_RTU-2026-CS-000805.pdf,1396,11748bcf0acc923a241538cf1dc3b5c8c1b87745ea9a86878ff559d0df11b18f,743ce0a9237f8ac8698091392e40bdf0dbed5dbd1928a13c02d8da6bf0e18a6c
806,RTU-2026-CS-000806,Andris Haddad,Information Technology,2026-03-23,cert_RTU-2026-CS-000806.pdf,1393,f103aa8d4415c64907617d57d3b6eb5dc963851c146baa5617fc295157a13ee3,0c657a27bed7681efd49efffed39ed1340eeedc047d875387a74ad81ab989946
807,RTU-2026-CS-000807,Yuki Novak,Applied Computer Science,2026-04-24,cert_RTU-2026-CS-000807.pdf,1390,ebbe083fd5bdeae92adc972bbaaf38ea9729dcd832eb4c40db98c6c5a714253c,048b1aac83e349035cf2365045a2490101578d1fb827e4bdbe52258266229b26
808,RTU-2026-CS-000808,Omar Kowalski,Electronics,2026-05-25,cert_RTU-2026-CS-000808.pdf,1372,e47ae2f8f801ed54193d1478d1949d235d4ca97536781ed928cf9e929700a509,7fd6526ef2f8b376bf5766e9d6fdbaa991842fb727ba078a0c0e07b09a4bad0d
809,RTU-2026-CS-000809,Anna Saar,Telecommunications,2026-06-26,cert_RTU-2026-CS-000809.pdf,1389,e56759358c003aa6bad34af5880ec77b284318ddf2f94f324ad8d531b8953c98,fd0f2d2fa22fa2fe96e82f26b88a81e8fe8b6ff07b0ae63a1e1ec8f8c985dd52
810,RTU-2026-CS-000810,Pavel Lapsa,Computer Systems,2026-07-27,cert_RTU-2026-CS-000810.pdf,1391,7679bf96f5e435149fcf357318950fb79becd0f56e9ffcb154031614a9fa2718,3adf765bb8053b0e79962cc0853037f9be27c65741bfaa53b593e82e881b03e3
811,RTU-2026-CS-000811,Nadia Costa,Information Technology,2026-08-28,cert_RTU-2026-CS-000811.pdf,1383,e10cf58005cec01271206501b5692688a007216639494a522d024f341685c9b6,54d71a60fb9a688fe717965673b390e385a42bfa68b382f545ed8ea0be6c2804
812,RTU-2026-CS-000812,Tomas Meyer,Applied Computer Science,2026-09-01,cert_RTU-2026-CS-000812.pdf,1389,0932bea68cb66dfe878e281bdb6a3927eec309fcb39764f143f3f72c91199bae,3935869e6897fd14b9659c72f5742a45f72118a4c138aed3d4b03562da7dffae
813,RTU-2026-CS-000813,Ines Zarina,Electronics,2026-10-02,cert_RTU-2026-CS-000813.pdf,1383,04651ae1b0fb24d10a1c6938f0405032a63a831ebeb549d922a5cec513e03aa1,737740afd0cc55a2c7d8e0f7b7428fcf39395fd98be840c7a85a0f174241ffa4
814,RTU-2026-CS-000814,Karl Turan,Telecommunications,2026-11-03,cert_RTU-2026-CS-000814.pdf,1393,9487c8c6912201344f12a25b24b08d4e54bba71c69eb517a2c8556dcd03ffeff,8cc6fbc2484085d9d53699ba53941a2e4a5fa35a45ed03002f919bb54ab84bcf
815,RTU-2026-CS-000815,Rita Berzina,Computer Systems,2026-12-04,cert_RTU-2026-CS-000815.pdf,1386,1c708a60561a1b36edd87e03294c8fb73fc0802010c29288bd23f137266d7705,a69e204aa5205372096d808901e219bda04d4246b30a8873a799bbed61b5a237
816,RTU-2026-CS-000816,Hasan Kalnina,Information Technology,2026-01-05,cert_RTU-2026-CS-000816.pdf,1387,3e0426a2fab05a427729a2117b73deceb99cc4b20e0475e4a07d2cd0dfb5cfdb,6964ed837456272f9c2ea3c0c0a8e8c38eb79ec90858acdd4ab65b7f881fdec8
817,RTU-2026-CS-000817,Elina Petrov,Applied Computer Science,2026-02-06,cert_RTU-2026-CS-000817.pdf,1400,60a85aacbff27b8b7b69411599e809f74a12aa091b0817d6f1295ca36d580ed5,df51c5a5b31f732da78386f0fdbdd87b4ca51e46896184078183bbdb77680c96
818,RTU-2026-CS-000818,Janis Liepa,Electronics,2026-03-07,cert_RTU-2026-CS-000818.pdf,1375,8571128253cde10b7428e56f96271c0c1f0b36ecf05ec5a95493e10d707fbe7a,7f9c79d4cb640d43146fb96a328ee0dbe96fb595d5369746750e32a14a4b5d78
819,RTU-2026-CS-000819,Sofia Vitols,Telecommunications,2026-04-08,cert_RTU-2026-CS-000819.pdf,1381,a54c898b96cfb6d95850ead45e3de8b2a3470647139be818deb25bc4f2f8a07c,d2bff02bafc7690ee2dbe46582f9ad0b9e6cef8883c198e7a9635eb4b34a84b8
820,RTU-2026-CS-000820,Marko Tanaka,Computer Systems,2026-05-09,cert_RTU-2026-CS-000820.pdf,1387,b84cb1ac8b195d53a9e7b226355588ad0211b39c167ef50052974921a8a4236f,8017b4fdd820675d2fb0a71073dc9ec0af6bbcb01050dc1bc253b1dc6a1f4b8d
821,RTU-2026-CS-000821,Liga Haddad,Information Technology,2026-06-10,cert_RTU-2026-CS-000821.pdf,1392,37d8666402c308ea27d1f2353ab18eb8bc09fcd6573e95bfd1bfbdf159895d3d,1a83452ee8660aa3bc8fdf5dc89d84f49fa1be372cbcc072aaf0bdf30f43440f
822,RTU-2026-CS-000822,Andris Novak,Applied Computer Science,2026-07-11,cert_RTU-2026-CS-000822.pdf,1398,8fb6ebdd05fd3a4975f9f0d6e397b3f078d0e687d48d76141618e7ef7d69e01c,aafcc06ab4903f1cb9018c05940872b2c398970055a5ee8df8193414347346da
823,RTU-2026-CS-000823,Yuki Kowalski,Electronics,2026-08-12,cert_RTU-2026-CS-000823.pdf,1371,41c3c5145c1c62bc4bf3427d50dfd0f1041bfb0609f75f75d67e2b8ace5d3888,28d344617e574eae6e72f25c293920f1cb02e4d692394ab86ba7cb109f952b1a
824,RTU-2026-CS-000824,Omar Saar,Telecommunications,2026-09-13,cert_RTU-2026-CS-000824.pdf,1381,d6586ac25520b308ea6a35e3179d0c1c58e9674473feca23f52f5dc82096df6f,62b0ea38116cee6208481b09f72d3bb07767da9473e1395d3f8b56768c5089ef
825,RTU-2026-CS-000825,Anna Lapsa,Computer Systems,2026-10-14,cert_RTU-2026-CS-000825.pdf,1396,3bdd4a4ced452196a424cac6e9d6ace1a6c47075e479b2cb2a5b686779e79685,cc7a374ee7573a2464ced99c87cc2cbff4959bd72542db6803f0f293cb143adb
826,RTU-2026-CS-000826,Pavel Costa,Information Technology,2026-11-15,cert_RTU-2026-CS-000826.pdf,1390,9314d3fc71fc856ba9d988e0cd2479a23f2d3ba18edfa85306276f70df423fd6,8662c6427acabdb6915b997e872cad9381943e7471dc90bc50effb7fb8358699
827,RTU-2026-CS-000827,Nadia Meyer,Applied Computer Science,2026-12-16,cert_RTU-2026-CS-000827.pdf,1389,2dc6349386cdcab5d5a979731318f2367722c662be93f266d1b236565f848e86,3a44bb3fed3603b960ff57251f1e1bd7ac3e1ffa70c331166f83c7400d6fd6c4
828,RTU-2026-CS-000828,Tomas Zarina,Electronics,2026-01-17,cert_RTU-2026-CS-000828.pdf,1372,baf5ee68e3b20443ef4fd90248bfc428e726b77f8553d5d91d348c552dd18c16,c7ed16b678f7d49f9b428b6734df132dcd38a5ee2f108de915a08167564c865d
829,RTU-2026-CS-000829,Ines Turan,Telecommunications,2026-02-18,cert_RTU-2026-CS-000829.pdf,1394,059815a561d252f7bb02c5398d4aad858fe755bc55c82e743b953f33993e199d,12882e89e4b2fc2dc3c3b20fd56458bbc56b70822d7ef05a2500fbc347d12fa0
830,RTU-2026-CS-000830,Karl Berzina,Computer Systems,2026-03-19,cert_RTU-2026-CS-000830.pdf,1394,c82d4c685316b8175044d64f1042092906acaf0e3ec933f11f417c074a82e77a,0952d9f61bdc2f3b3af2513d5fe42e1aeaf7308f0d2422db3bbfd8e0f49213a2
831,RTU-2026-CS-000831,Rita Ozols,Information Technology,2026-04-20,cert_RTU-2026-CS-000831.pdf,1385,ed079466cbe59f236e2a99700cc41167fad24cc36dc1bc4d50828094feace86e,38efdfbbc602ba2387f926e6eca3f148d7ecb617cd2ec98f455df5f34810d336
832,RTU-2026-CS-000832,Hasan Petrov,Applied Computer Science,2026-05-21,cert_RTU-2026-CS-000832.pdf,1392,4408ab7228b2e12aedcb15604459f9750f343bac6e771947cd547c47ddd2b26a,d46de5eb6cc6436064bfb24b714f1f946da77f4997450c818f7a59077b036b6a
833,RTU-2026-CS-000833,Elina Liepa,Electronics,2026-06-22,cert_RTU-2026-CS-000833.pdf,1384,85e321f9163d96ea90b11bcc912acf8d45c486026b5bbd50a7aa32f0ddc579bd,b7b2e586062578e631ae376657242294343051af8124645a1b0b42e8e012fbc2
834,RTU-2026-CS-000834,Janis Vitols,Telecommunications,2026-07-23,cert_RTU-2026-CS-000834.pdf,1396,66cdfa4e1b1e4aa2ccdfce2e7cafd15728883e952a8d2a5aef3410b76ab17ddf,4050f22fce66bb0c345fb3d296716ef379ebca7d0d9aa82ed99a45e94cbd180c
835,RTU-2026-CS-000835,Sofia Tanaka,Computer Systems,2026-08-24,cert_RTU-2026-CS-000835.pdf,1385,8bde27ac1f7ffcbcc4b0fcac28bc4ac7319402d1cdd6c79707c4fceed601370b,b1ee7448eddddfa5b65ff32440cb8576125c328f33dea2d09128916aaf4c1d3d
836,RTU-2026-CS-000836,Marko Haddad,Information Technology,2026-09-25,cert_RTU-2026-CS-000836.pdf,1386,1a2d7880b9341b2ae3375a480062b095362f134f654d0632398af195fe003272,a9d3f3b091e727a0ee17ba609084ea83d8c03c09af01c9cd6bcbe52dc45e897a
837,RTU-2026-CS-000837,Liga Novak,Applied Computer Science,2026-10-26,cert_RTU-2026-CS-000837.pdf,1400,9221534f31d0be0d8df6ffa97f5a9c26c3f480c6c4f3a09f94f3c585b07449b0,b16d26d67085088f84a91b45214c3dbb2310c3f3b6faecad5f96dcc182334567
838,RTU-2026-CS-000838,Andris Kowalski,Electronics,2026-11-27,cert_RTU-2026-CS-000838.pdf,1384,48655916dc45cc505a8889864beae902fdf293c085ba3414fa5cc3f58e6f5886,8a6bf130adfce6c6ca0d0ff7bf702705dd7b7d7b28b1f194988e21de6dc7fef4
839,RTU-2026-CS-000839,Yuki Saar,Telecommunications,2026-12-28,cert_RTU-2026-CS-000839.pdf,1380,a1dd7c5fd136b991154e7ea115a3d783cb5a3dd44f2eaf728cde2af3b509ca8f,fd78a7504a00023410ddd2c4014f6ded23047f471c57330be40510e1fad963f1
840,RTU-2026-CS-000840,Omar Lapsa,Computer Systems,2026-01-01,cert_RTU-2026-CS-000840.pdf,1384,dc01f0a59550757e8bc6ca624d7798018c397e92ae10cda4bb0fe8d4d9b3ad5b,498212234202f75f601899aeb61d87b8dd17d11a5ca0d25d5e5f999e9e6c5ad5
841,RTU-2026-CS-000841,Anna Costa,Information Technology,2026-02-02,cert_RTU-2026-CS-000841.pdf,1392,e52c1a8013231a5dddae5e77d5a6663794f48b419b8b01321ffeac42566d476e,1dafb0190c1333e4bd1d7064abbead085af755d725944b689d529ec6245a3986
842,RTU-2026-CS-000842,Pavel Meyer,Applied Computer Science,2026-03-03,cert_RTU-2026-CS-000842.pdf,1394,6689caddee94a16b8fad284e65768205f78d984fe67f28bc32d276f8fc4036b1,0576c33acd284fe0abce60927cff9a711006ddbb3a73b3f4ab4f558d44619ce8
843,RTU-2026-CS-000843,Nadia Zarina,Electronics,2026-04-04,cert_RTU-2026-CS-000843.pdf,1369,d849a0aa5ebea5a8a790565735a0f06e70d9873f103077931f93e3b2d40fcfa3,8713cc38aba9082584dbb9b0168c2505c11a2a405d16ce358c9588e4fd128a33
844,RTU-2026-CS-000844,Tomas Turan,Telecommunications,2026-05-05,cert_RTU-2026-CS-000844.pdf,1385,1dc535b2b679f8591e1b09911c01019acfefa92aff38abf258e5eeef0be5afdb,f02199481d05b0a8c81c4e35329abbeeefeab0091438fc5c28953cb2940997bc
845,RTU-2026-CS-000845,Ines Berzina,Computer Systems,2026-06-06,cert_RTU-2026-CS-000845.pdf,1395,0489e423de458b930e9690eb98d552979e85b0448b61296e6f2a9abf6e672cf3,359cdb19fa8e6761dca6bf8b91ba4ff8c041c4cba193aba8ed00dd75c8b7d374
846,RTU-2026-CS-000846,Karl Ozols,Information Technology,2026-07-07,cert_RTU-2026-CS-000846.pdf,1394,ba06f420ec7186dc39204dc5e249669be27f774684beeee5ab14c24b44673248,3e9368c662d51272ff829527d4614561a31751d23f020bcfbe1ffff7cf6f0e66
847,RTU-2026-CS-000847,Rita Kalnina,Applied Computer Science,2026-08-08,cert_RTU-2026-CS-000847.pdf,1387,58675a377ca9d3dd9550db481c29dbc619a9abd9814d152e939ed78c7061cd69,4f24c9d31695236dc155636878416043536c9070114db0905a62b346a4c39b83
848,RTU-2026-CS-000848,Hasan Liepa,Electronics,2026-09-09,cert_RTU-2026-CS-000848.pdf,1369,fd90624412226a58d4f3b202072542df5f9f508fa19456ac59cce28f4ea7599b,e331edcaf22be84392d0b3a07805d6a07194c0a25e7e7f0f6eb596a630dc6484
849,RTU-2026-CS-000849,Elina Vitols,Telecommunications,2026-10-10,cert_RTU-2026-CS-000849.pdf,1396,d4bcc42928fbe6851b875e19246f32be68df401d1e5498fdf4c98ed982ad54bd,2ccb8cee02a4eb9e8167b5a7625a01709fd9318d01c575602a46dcc441c58677
850,RTU-2026-CS-000850,Janis Tanaka,Computer Systems,2026-11-11,cert_RTU-2026-CS-000850.pdf,1391,acbc4323a270738d9cefa27eac90b9718d4864023dc0a6ca808cbe635298dc36,0140486eaeb0f770b4c9c07079834a23bd47bc163ae65e8d5f5229414cb55d28
851,RTU-2026-CS-000851,Sofia Haddad,Information Technology,2026-12-12,cert_RTU-2026-CS-000851.pdf,1383,ede0f2c6867f1da3c5774bb2948d9f7de06b5c6d286d396bc08b436a0069e056,901c1f49127cfa3c4df8b22d262dde02ef21c7373349f9c2e5291e8574263577
852,RTU-2026-CS-000852,Marko Novak,Applied Computer Science,2026-01-13,cert_RTU-2026-CS-000852.pdf,1394,656e3b28a3686d83b701e2d96d9533adb61a75370316a72bf6057baff29ccc9f,e26f489ab9618d795acb64fc2d4897bd368f0df701ff8e3288e94247d83529ba
853,RTU-2026-CS-000853,Liga Kowalski,Electronics,2026-02-14,cert_RTU-2026-CS-000853.pdf,1390,d472c853f69ac0bc62e1cf4700addab037c16d3ebf47474eeb264de937180bda,1f60103b4e0d62ed07d28ad7f9fa3757da1b46ce587ca7b86bb89b2ad7ad939e
854,RTU-2026-CS-000854,Andris Saar,Telecommunications,2026-03-15,cert_RTU-2026-CS-000854.pdf,1393,ae7fcec7fef7821a2a13a414cd0fd2be757e360e8fff261c08ed2c309ee1eaf9,b301ecfdebeeaaaf9eeb8d405d8db42fc5de946958ee3199d71e87aa349164ae
855,RTU-2026-CS-000855,Yuki Lapsa,Computer Systems,2026-04-16,cert_RTU-2026-CS-000855.pdf,1385,165ca706b1f94249e790ec52df5e5653f3fb11feb6e1dbd3a04398b8ed9c3226,a0eb76ec2a5ce82f105f669f47cae196fbc533a96706740b7d20a2d5bbd733ba
856,RTU-2026-CS-000856,Omar Costa,Information Technology,2026-05-17,cert_RTU-2026-CS-000856.pdf,1384,8308353369a7d00c722c513342aaab242e9d3fcf8c67af5b08d6b6ecf3daa3ea,0f01caafd23db154992c62d4e6cb65c7d908a7e5433eed71e1294f03789aa730
857,RTU-2026-CS-000857,Anna Meyer,Applied Computer Science,2026-06-18,cert_RTU-2026-CS-000857.pdf,1401,cf12c062ed0d57221eb1903ffcb7779e18567c8142a7333ffeec6817d562ffa8,d41f05b589026251ab4d95bd2860d5dcaa6fa56a1988d0a34a36d45b94599483
858,RTU-2026-CS-000858,Pavel Zarina,Electronics,2026-07-19,cert_RTU-2026-CS-000858.pdf,1379,18d4d1ca57e30e5724b243c1198e625bde0c65ff70201fd561265d50ae9821ca,11eadc390f8ee7b2f228d7fad4ea720469f50d9fb09f7d0c3be92688f65d726e
859,RTU-2026-CS-000859,Nadia Turan,Telecommunications,2026-08-20,cert_RTU-2026-CS-000859.pdf,1383,4ce8fbb0d3966a31bdebaae5088ef05a9573f5a5aac06a71fb29914602afafb7,296fe8673254a2b9d86c9ae85c3596768486bb80be6501b3068d56e3f3243e6c
860,RTU-2026-CS-000860,Tomas Berzina,Computer Systems,2026-09-21,cert_RTU-2026-CS-000860.pdf,1386,1c4bfae4615682f3e7cd368da654ab8a8437f2d9f4f8a9de469fc4736de6223a,cbedc8c5d88831ceaffeb20eeea6a1d85f99e1d6c29c2dfca724bcc206074978
861,RTU-2026-CS-000861,Ines Ozols,Information Technology,2026-10-22,cert_RTU-2026-CS-000861.pdf,1396,f178d29e04f07678a7349398fe0efcd665253600db99e5aa25006a44ed49dd5d,878f0552ae3886d18c947e2df118eeb6e3d36facac553ecc700824beb98dc214
862,RTU-2026-CS-000862,Karl Kalnina,Applied Computer Science,2026-11-23,cert_RTU-2026-CS-000862.pdf,1398,556745235379cf1a73a25e5d0845a508cf0915502cdd721fca908531bd821dbe,4a854791e07d6dfef1b8d18fe8ad9c0cc24dfdc6e3d6b9fdca7306387433d7e3
863,RTU-2026-CS-000863,Rita Petrov,Electronics,2026-12-24,cert_RTU-2026-CS-000863.pdf,1371,f2ffde44a1e1b53add1f37db6a290aaa937610d8612877ef236682a2310ba1a1,04cdd22c6f431757b4f523d890a49b88428a2b5fd32dc93fe9e6d715dbebd0c3
864,RTU-2026-CS-000864,Hasan Vitols,Telecommunications,2026-01-25,cert_RTU-2026-CS-000864.pdf,1388,d5aff0da66255955f32c959b790f6763cc89cda35486f8cd8cd544a1c63d93db,b8b639376761ea7d71933879ec4c51f0e08825d71ddbae3b8bb06d16e483b721
865,RTU-2026-CS-000865,Elina Tanaka,Computer Systems,2026-02-26,cert_RTU-2026-CS-000865.pdf,1396,7c1a62fa07f2c90b790ed126067907812b5af5b335665b68cc27060af01c0e91,2e748f17eecdca94608b8b73a4a9fddf4b87f9f339dd38dc5b2f23b456c033aa
866,RTU-2026-CS-000866,Janis Haddad,Information Technology,2026-03-27,cert_RTU-2026-CS-000866.pdf,1393,7f608f4e6bf4af8fb3a1ca48a2357b6d4925f04d0dfbad2922fc80e36b30bd07,7ae227dc3da4f8b0290401f81d8cb52de590ff34674fe5b5a1e4a0e715c6235d
867,RTU-2026-CS-000867,Sofia Novak,Applied Computer Science,2026-04-28,cert_RTU-2026-CS-000867.pdf,1388,9addb4270368ed710dc582605302abd893c91c6f4fdeecc68b20c9f4665e4070,42974021ce942e5531cbcb0d4ca0eea251676965a0ebac9fd669d63b8c0bd4c8
868,RTU-2026-CS-000868,Marko Kowalski,Electronics,2026-05-01,cert_RTU-2026-CS-000868.pdf,1377,e32fa8b93367c92479b2c36decea3603855f8cb29a2544e529a843754712d676,1be3d5a70e16dd8dabcdf2c6a28631678cdfe056ea2385c818ca1a8329705e31
869,RTU-2026-CS-000869,Liga Saar,Telecommunications,2026-06-02,cert_RTU-2026-CS-000869.pdf,1388,727156a5761d6469055b238c4e3b381097abc91f3522a90ebc6667fe013241d0,fc0076f970a039359a600e2634a5dc589a1c024fd04ddafaf99b78fedba49b36
870,RTU-2026-CS-000870,Andris Lapsa,Computer Systems,2026-07-03,cert_RTU-2026-CS-000870.pdf,1392,5d935f1d5acee42345e9e66115aedbe0404e28e7ee2c6bfdeaca702ec619e6ee,3c7fbb36d54bad1236f9147fbc26b20082c561f4d29cb9746c596bfe661f948b
871,RTU-2026-CS-000871,Yuki Costa,Information Technology,2026-08-04,cert_RTU-2026-CS-000871.pdf,1386,8ae92d2da7a9875c718b9412b40b25dcc54dec31db4d489698891b31b5c49358,aaf6f0ea435e02493f3204b684bf77433e16231f2a5f24035b1173543f6163b9
872,RTU-2026-CS-000872,Omar Meyer,Applied Computer Science,2026-09-05,cert_RTU-2026-CS-000872.pdf,1388,5ad1ac772ea1954bbcb230ea092ef4b61d54e967ec0cdac6c6a68bf2f1dba2a8,9196ab10d142378b53abb8b0ccbd975d8bbcd657122dd8cc5a4e99f82f602044
873,RTU-2026-CS-000873,Anna Zarina,Electronics,2026-10-06,cert_RTU-2026-CS-000873.pdf,1383,9c614362ca14c0fdae386d50a791e750eacde287888001481ca29ea5075d622e,17ae7bf515f866ccfcc988fffecd666ac2882664b7bebb5d2b330d0793870957
874,RTU-2026-CS-000874,Pavel Turan,Telecommunications,2026-11-07,cert_RTU-2026-CS-000874.pdf,1395,859102a4a9f62952070f3b3ecd7cf3d2e96afbad0a8fac61b9d80122bfee6fd2,0ce6bd7bedcccc16abd6a3ed535918e72931f8544c5abfc0b4840361e8d70daa
875,RTU-2026-CS-000875,Nadia Berzina,Computer Systems,2026-12-08,cert_RTU-2026-CS-000875.pdf,1387,0b97ffedb4bf0a2343859b5f64507e92f940111eb16f1c81ab4b82ab9201740d,d32cc12b9c515abd3231d0b60bd966c4ca16de741edd89fceb729d19575cf7d1
876,RTU-2026-CS-000876,Tomas Ozols,Information Technology,2026-01-09,cert_RTU-2026-CS-000876.pdf,1386,429726ca0012be86ac23823ff288b343b47dff0651ce9d0a98047586a9736b04,66baa8095e3fd7e4349d4430a7767c71f3ce03750a0107a03b493e3aa566d8ea
877,RTU-2026-CS-000877,Ines Kalnina,Applied Computer Science,2026-02-10,cert_RTU-2026-CS-000877.pdf,1401,798df9929f523756c190e6c1c05bce8289bbe255a7e79a359b35e458b105bd97,b7a00906fb8eeedf43d3d4da845bc01323512debdd9d41a0ec1634bd423baacb
878,RTU-2026-CS-000878,Karl Petrov,Electronics,2026-03-11,cert_RTU-2026-CS-000878.pdf,1376,755bc7315b52558feca10ce91459857fc8156f5ffaf396c5031b00722aeef3ea,961fb92ebf270cb0cc83376e39a65f406a5d5c4f13e8866a1952048357af499e
879,RTU-2026-CS-000879,Rita Liepa,Telecommunications,2026-04-12,cert_RTU-2026-CS-000879.pdf,1381,63dadb6767ebd452aa92a7c86cdfd62b0e5fde429427417c9a78eaab2d8c2321,6d59d9c5d92bd159618404f21aaa60e104ebabc2fbe5fa24e1afbd6aabfcd4f4
880,RTU-2026-CS-000880,Hasan Tanaka,Computer Systems,2026-05-13,cert_RTU-2026-CS-000880.pdf,1386,6adaf99bf358517ea6df47e830e10b7df7756c9b1ddb59c74feedcbdde6de8c7,1f87645e7047ad7a703e14b59024e69bb0b712bae698d6f99bca347d3a161f5a
881,RTU-2026-CS-000881,Elina Haddad,Information Technology,2026-06-14,cert_RTU-2026-CS-000881.pdf,1395,72503cc87f7dc1a7aea462521961b6d800f3dfe321a49ee28d26aea9c9cd861b,5b02a40212d754e7e55c9822be08936384a1bbe08d57a4db5f8aebc9d40ac458
882,RTU-2026-CS-000882,Janis Novak,Applied Computer Science,2026-07-15,cert_RTU-2026-CS-000882.pdf,1397,d79200c7ff8efa50b57c8db6cd89abd05c531844f6826bc34b4556f268f7d450,cbbae2d8cbce50bcc6532b61443621c1cf830996e175df899403cdefefb7fade
883,RTU-2026-CS-000883,Sofia Kowalski,Electronics,2026-08-16,cert_RTU-2026-CS-000883.pdf,1371,b78ad1ac30651881872c31702309d7c97acf97fecd0584260eb474aa4a9368f4,d616e3afbb4e2da2135216a3bcc45d2b74796aaafcb0240f5c871ed2cc45f6d7
884,RTU-2026-CS-000884,Marko Saar,Telecommunications,2026-09-17,cert_RTU-2026-CS-000884.pdf,1385,841383daf2667ff83d57c829a32943dda30be634311d4ed205aaaef18cfe213c,21255ea7a042c73681d9e8392416ed829cf7d239ac20f63c3161175e60d8f53c
885,RTU-2026-CS-000885,Liga Lapsa,Computer Systems,2026-10-18,cert_RTU-2026-CS-000885.pdf,1392,f6dd150086d96a9b21cb1a87bf14dcb1224e8e7cab6cd5e45071be846f7e907d,220ce1e6a074dde379e83d1e260e880bd59d38fe580eaeac875c5a1a6982869e
886,RTU-2026-CS-000886,Andris Costa,Information Technology,2026-11-19,cert_RTU-2026-CS-000886.pdf,1391,f602b347caa2ca21e6750edc1e8712745027c28610aaa1ed8e551f95c033b7bc,ae6963de34c24461e95029028bb6a96e3625cdc3177882b46515ebf629d002a0
887,RTU-2026-CS-000887,Yuki Meyer,Applied Computer Science,2026-12-20,cert_RTU-2026-CS-000887.pdf,1385,7f10c2c96a439da8f6633a7af11915261e33c469c6192f056781d1a2d97b4153,16c7757b984a3dc92a3152dedbf7b0bc00957e3e6e0b41062aab57ffb6e4b55a
888,RTU-2026-CS-000888,Omar Zarina,Electronics,2026-01-21,cert_RTU-2026-CS-000888.pdf,1369,e71a271e70c37c505a0f5d372a94f998c317d4051cb68df7ecc5f440487ac70b,b0f954563601a4125db2479e25546ae00206aac9bd292af81db3723e0bb2d6bc
889,RTU-2026-CS-000889,Anna Turan,Telecommunications,2026-02-22,cert_RTU-2026-CS-000889.pdf,1392,bd5fbb6e08c5279432494ae0cbf84c2015630c7721ba9ef18f6c9a880baf401f,390ce035271b32949867ef35197b1ad546fc1138870c454496f8956a2c94f389
890,RTU-2026-CS-000890,Pavel Berzina,Computer Systems,2026-03-23,cert_RTU-2026-CS-000890.pdf,1394,73eb3896a6330dc28b0e24efcbcdbf9ccbfe730901a7040782a911900e3a225b,db4b669daca26fdb3febf05defec191493f5e188a187bb54462397b1b021b56f
891,RTU-2026-CS-000891,Nadia Ozols,Information Technology,2026-04-24,cert_RTU-2026-CS-000891.pdf,1389,379c85da75f2cc523ba0377661f406ce5a8c5509f99ff48ac76959c676793a6d,c10babdb70c4b0e9592a718bceb502ca39e638b6c67d6ca6aff2ce95e64b6758
892,RTU-2026-CS-000892,Tomas Kalnina,Applied Computer Science,2026-05-25,cert_RTU-2026-CS-000892.pdf,1392,02f3a9c3f80614a3c8e61af9b64eb31160885752b7d792a9b142c862de966c99,e289f036aec515a3f93344f0948f17c1c5c83f4f6d65ef4bbb8e6597808b9843
893,RTU-2026-CS-000893,Ines Petrov,Electronics,2026-06-26,cert_RTU-2026-CS-000893.pdf,1382,50f67d861360b2a0a4d52fc8b854f167b1a00c65c821b8db2a603f80c41d014e,171012a613599a174dc6b63ffaf9ff353419f7e8a219d7112acdcfbd4a73a996
894,RTU-2026-CS-000894,Karl Liepa,Telecommunications,2026-07-27,cert_RTU-2026-CS-000894.pdf,1392,1211ca9ffeeea58cf7fab77cc884368b43e41b0481304598211105c0c6060508,5edd8bbd4fefee7e349975097b173adc814c331d01f3173930800d3e745ffe63
895,RTU-2026-CS-000895,Rita Vitols,Computer Systems,2026-08-28,cert_RTU-2026-CS-000895.pdf,1383,f5f437f777dae934b79e01922e44374a879612af97be9d948741dee70aa97bad,dbe1892013e11bee7dc512945c88607d31a9ed315e0ad32e1eb3b662c989020f
896,RTU-2026-CS-000896,Hasan Haddad,Information Technology,2026-09-01,cert_RTU-2026-CS-000896.pdf,1386,d91c8accbdfc3136e59690f294b1c205664f83ef4a0dee281f28f2fa76dafe99,97a401ce2145685cca9c275ee78ff97ba75dab3c4229966c0fdd76b7fab6fca7
897,RTU-2026-CS-000897,Elina Novak,Applied Computer Science,2026-10-02,cert_RTU-2026-CS-000897.pdf,1401,18699b275e884e665db8ccb2ea07d0333be1e1586dec7f621c66c435a1d1507d,359d3d510f9d93053dd02aa05d09564db7eb8e39dc080eb47f5725c150221095
898,RTU-2026-CS-000898,Janis Kowalski,Electronics,2026-11-03,cert_RTU-2026-CS-000898.pdf,1384,4fff2c0a1e08dc5def017ecc7cc52a853bb350ac1be1bde1c3924aa7f57cc2b3,a9eb14a73363d5b5bfbd143122a5db0fa58f2032bac672ed4f4e1443b6a20734
899,RTU-2026-CS-000899,Sofia Saar,Telecommunications,2026-12-04,cert_RTU-2026-CS-000899.pdf,1383,2c7a5aaf247e5810fd585aec5807a09c793e64c4dc5909b6fa40be9380e5c566,badf5197a4b1f297189b728141cbde907d05f936988790898bcc084bbbfce21c
900,RTU-2026-CS-000900,Marko Lapsa,Computer Systems,2026-01-05,cert_RTU-2026-CS-000900.pdf,1385,21100de8c52cfb658a71ff2bcc24cb6a3737977bbddeed1da185985a7190daa7,60a00f3490e8371ff6b8376f7673ff478136983a34f0d31685945cbebf4c9dcb
901,RTU-2026-CS-000901,Liga Costa,Information Technology,2026-02-06,cert_RTU-2026-CS-000901.pdf,1392,e85236bf06d260bdc4b084d95ab526222bd23940b09186315bc7944954449d45,7203dd6eefcb4ebd3842cd7a71ce86bda171fafa285c5d4330cf0a6fc6bb2dd3
902,RTU-2026-CS-000902,Andris Meyer,Applied Computer Science,2026-03-07,cert_RTU-2026-CS-000902.pdf,1395,edb6dfb6a07ddbcce2407fcbda8bf3bbd34ca958a114d0b59df88879bca1d864,6e7949dda4bd936364c0fe329718651eb82f3dd8214c051904fd3d0019b73104
903,RTU-2026-CS-000903,Yuki Zarina,Electronics,2026-04-08,cert_RTU-2026-CS-000903.pdf,1368,6c0d63b8346530a2891d9e620882c3b90d6d59bed8f7b930e202a16e6b2f16a2,49c3453fa3abed8886b5cfcbf6b2b5bf6184ea29532916f135f24dac5f0b89f9
904,RTU-2026-CS-000904,Omar Turan,Telecommunications,2026-05-09,cert_RTU-2026-CS-000904.pdf,1382,ceae857135e5deeab45ca1d83217a2a1257789aa0a1a062c1fe866d81d495ce5,0624aa2b8ea4af9882e379edca9f62e32bfa2d0720ce0a05020b51c3038cd6fc
905,RTU-2026-CS-000905,Anna Berzina,Computer Systems,2026-06-10,cert_RTU-2026-CS-000905.pdf,1396,c434d7622902dba76c78029efd084e1027c7128448dd2a87a81685a02216d2a2,5b892a2e2ad3e771999a39cd89a6f915ffed0ef9eb8abcbd13be565cc56d12b9
906,RTU-2026-CS-000906,Pavel Ozols,Information Technology,2026-07-11,cert_RTU-2026-CS-000906.pdf,1395,d78922b67c7410bedc4110bba8c600bbbd74469d16e48b920c1c83e3343cc71f,0b4f1f1f2cb8bba2f444985a466cc7c9be06b316fb585f0ac9d795d48e589d6d
907,RTU-2026-CS-000907,Nadia Kalnina,Applied Computer Science,2026-08-12,cert_RTU-2026-CS-000907.pdf,1390,3ba9e0195fb0739cc3aa21749b85047a6e1d4608647cb6367281ff09a7e22658,9e72cdd0e8856705e2a37db8b4bf72f4fefe0044071561aad90e6b7d86e1fe48
908,RTU-2026-CS-000908,Tomas Petrov,Electronics,2026-09-13,cert_RTU-2026-CS-000908.pdf,1369,2058f5077825f75859e0175c122a65bbe8a3746c31c4765ab0dc22f6368c3001,01ec1644cf703a8f6aed7397a8f3371bf5d67180a42aa1e2b0bf671fa62eab78
909,RTU-2026-CS-000909,Ines Liepa,Telecommunications,2026-10-14,cert_RTU-2026-CS-000909.pdf,1392,a627ff0ff9d7d6c65d97f0cd62e75b9d579bac246bb3164d630fa6a0d666ad52,2d21931039ead40b6d583ad94485e0fb2748d4bc3f8311bcb66aa48baf7a571d
910,RTU-2026-CS-000910,Karl Vitols,Computer Systems,2026-11-15,cert_RTU-2026-CS-000910.pdf,1391,f7c1ccb6b21c0f9b728e2ffb01721c55011aa5ffc29693dd945fab734b95e50a,ade180261c9f549734cb8db1ced8c4d202871a0991ef92e4a39f7909131e6d9d
911,RTU-2026-CS-000911,Rita Tanaka,Information Technology,2026-12-16,cert_RTU-2026-CS-000911.pdf,1384,b8b50fab85e3743f4a36165f9d95258c80f23f34077e2afc0e3128f97030b92b,9093b60ce132605d61cf91b3eedc967c58e4ed832290f58878fb7b452595b139
912,RTU-2026-CS-000912,Hasan Novak,Applied Computer Science,2026-01-17,cert_RTU-2026-CS-000912.pdf,1393,9a102125416a124925d611ea22ddf7b44336dbe554b902c46e2f6a06540106c7,3320ad916cae489deefc4ab4b3fc0725cae7b3448df49d48c84b9eef67748cde
913,RTU-2026-CS-000913,Elina Kowalski,Electronics,2026-02-18,cert_RTU-2026-CS-000913.pdf,1386,dc57f8f7d25488f0da4da186012c37fdd656f369c4257025a9cb68067833db3a,309b09e3d280dab68e6ae219c10d10a391001efd76d83b656e9f7f82bd5f3ef2
914,RTU-2026-CS-000914,Janis Saar,Telecommunications,2026-03-19,cert_RTU-2026-CS-000914.pdf,1389,2bfa5e909b312f0283d61f06d077eae1cc133131eef058e6bc76e2efd8dd2db1,4ff097e1ca0e9c8ccf27a6340e047939c01a972d1854332b26c29e70077295be
915,RTU-2026-CS-000915,Sofia Lapsa,Computer Systems,2026-04-20,cert_RTU-2026-CS-000915.pdf,1382,06540af23efd913da6f39eade6820cc8f6fbe6c2e4e2d331f48a95c12ded1eee,08552ba955ec00dda8a93da1404fe7726fba049ec1da19cf944e2f454107f958
916,RTU-2026-CS-000916,Marko Costa,Information Technology,2026-05-21,cert_RTU-2026-CS-000916.pdf,1385,b1653677f45c1a997f1a9798cff34db67d7faabe56d280803a279974fb1ee5a5,240bb997461855e2849b480ac97dc7109dd4cb7ca8852a7932263e9304976881
917,RTU-2026-CS-000917,Liga Meyer,Applied Computer Science,2026-06-22,cert_RTU-2026-CS-000917.pdf,1397,7c66df81a4b010e0ffea5fbf02666e86b113549160da2dbb162905423546a01d,b75799bf34d4e92059b557d0f8634e8d92e52068ff8879b6050d1d69cbae284b
918,RTU-2026-CS-000918,Andris Zarina,Electronics,2026-07-23,cert_RTU-2026-CS-000918.pdf,1376,c59efdee8db7e23c1fc8df5ef09e4dadc656644681ade4a5fbd0725ecf3ca6ae,6e3878e3557fc34edf3096381344e7bbada702c4d1889c8f68bb80daed6a925d
919,RTU-2026-CS-000919,Yuki Turan,Telecommunications,2026-08-24,cert_RTU-2026-CS-000919.pdf,1384,8316bd766977b83196733c2a2be8887b0a723ff03cd37df66b96b23daaf172d1,a651a31efad9ac5fb574595e7d7544cb1f410f66e6bc8d420a624f293cecf00c
920,RTU-2026-CS-000920,Omar Berzina,Computer Systems,2026-09-25,cert_RTU-2026-CS-000920.pdf,1385,bfb0bd31b352867cc63e5a6f2997388a03599b839049377280795bb1914e694e,540ae0d49cbafcaa387e104195acf920d083c14d47ffd1161ec9661819c57eef
921,RTU-2026-CS-000921,Anna Ozols,Information Technology,2026-10-26,cert_RTU-2026-CS-000921.pdf,1394,12b6dacbf7436945f96a0f1edb7a2ea6493124a81c09c2f01aca5779f492ff9f,483bd8a51e6af14a13dbe98359f3a5e0dd8bb22cf80ed3e42a654aeb1196d385
922,RTU-2026-CS-000922,Pavel Kalnina,Applied Computer Science,2026-11-27,cert_RTU-2026-CS-000922.pdf,1399,7c54edf1bb81c0808dfe5483cced3e48bc72b010a71b2a45af025279c53d4666,c8e460278bd43ac9b3a9fc11faeeaee68cd5dfdffd04a089c62674013a9b4020
923,RTU-2026-CS-000923,Nadia Petrov,Electronics,2026-12-28,cert_RTU-2026-CS-000923.pdf,1369,a5cc43a7325ae8e01ca63ce00dc24c9c9db99d5f5da5d0d736bd96676a049100,265bece9e732d1faff75bb05b50b326b21b74112459a7aa6ae28d0c51fb7420d
924,RTU-2026-CS-000924,Tomas Liepa,Telecommunications,2026-01-01,cert_RTU-2026-CS-000924.pdf,1380,284fe0337c83e1749204851b12f8b734532e25da524c3b1926f9d3a3051b2962,16c758746a042755c92622557c24256e8715f972b328e2d90226bda3191ac79b
925,RTU-2026-CS-000925,Ines Vitols,Computer Systems,2026-02-02,cert_RTU-2026-CS-000925.pdf,1395,bc7bbc5b36b45552762935a418d960dae6d97daa16fbc65f9ecd9a9f8e95d84b,c365c0c38c9014105aa06290c2d2d577f01c1f2811db7f900b2b2a49fd0eeab7
926,RTU-2026-CS-000926,Karl Tanaka,Information Technology,2026-03-03,cert_RTU-2026-CS-000926.pdf,1390,1a3ba384d461a9b04aee40d86f4dcc4fbc0f66a30af34ce48d19b9229c0b4b9c,9d49ff2c38d7b7278b5a10a5abba9b4d7c2f618fcdc43e36d9ad96038aa1de2f
927,RTU-2026-CS-000927,Rita Haddad,Applied Computer Science,2026-04-04,cert_RTU-2026-CS-000927.pdf,1386,93a102d3979f23e0f2f33fd1c64e56bf3ce4623923dd14d52ec3ff9263ff0bf7,461d3de8b7244052cd342b8d995a93878ca61dd2094fb362c0f9a7ec590d2720
928,RTU-2026-CS-000928,Hasan Kowalski,Electronics,2026-05-05,cert_RTU-2026-CS-000928.pdf,1372,0e03127ec14842c7ea10626407a8ee97b448cc9c854cc4db42802a8762cc7a35,56c85d03cb95ddbd958ad1d1610295b55f2d469a93504fbde2b54e463f5a27eb
929,RTU-2026-CS-000929,Elina Saar,Telecommunications,2026-06-06,cert_RTU-2026-CS-000929.pdf,1390,905414d660dda846d7abfb4546bca145eeef905834f6848226a1fe61c1af7855,ef2d883addd8c8e0680794cd55667c1cdb736e0cb6fced6479fedacd2ee5984c
930,RTU-2026-CS-000930,Janis Lapsa,Computer Systems,2026-07-07,cert_RTU-2026-CS-000930.pdf,1392,9659cbea7bd3016c17add612a1249efb82a383964afccc0cbe6a0500c4419c35,08ebee235e2f7713ea6a5fdb8085a4869c2e95e298de9857e30b41a39a4c8b0d
931,RTU-2026-CS-000931,Sofia Costa,Information Technology,2026-08-08,cert_RTU-2026-CS-000931.pdf,1384,841ab996d0a7e5bf2dfe9a20f8fd46f33879dea348e97b04c8ebfd93c33cf357,5a24ee698149ed200e3aaa77239ce4cf3e80cf03b24403cca88c488e48f5ee19
932,RTU-2026-CS-000932,Marko Meyer,Applied Computer Science,2026-09-09,cert_RTU-2026-CS-000932.pdf,1390,f70ca7b0f286a39c2323798c038ff435d3becd35a37f0cc566349fe6d9ee3ef8,db899141e7ccc3af65e608b9d63c700e84cf0c5e8b7829f0631084913f39ae9e
933,RTU-2026-CS-000933,Liga Zarina,Electronics,2026-10-10,cert_RTU-2026-CS-000933.pdf,1383,5524ff0b0b83ec38225b86e1a6a0cd9755e2a2d19a80cc8df1b59e10ebd71178,dbd2c227951351384195a221e847f7f9bb921619fa1fbac8f61699afdf52bddc
934,RTU-2026-CS-000934,Andris Turan,Telecommunications,2026-11-11,cert_RTU-2026-CS-000934.pdf,1395,a7d642918a89f684350e5f1e7985486f95683bdf87fced3d51f2604c241e352f,175acd4cab0558a62e7e27fe9ebd8735c6de9254c82d62b1d7c1a453e2a4499f
935,RTU-2026-CS-000935,Yuki Berzina,Computer Systems,2026-12-12,cert_RTU-2026-CS-000935.pdf,1384,9d73e444f93895dec1c7788f19d94a5230cde57ad80687447f8230164b3e6b44,e5361c5f2f550d1dffc28f48331e97a7943d3139c808f292073cdd8a9b0ef3f3
936,RTU-2026-CS-000936,Omar Ozols,Information Technology,2026-01-13,cert_RTU-2026-CS-000936.pdf,1384,7366d3782d0caa54cf56e315784a42c38f0706c9b2e976cf8c37e9d2bdceac59,2a2be74f9443c5837974c5b5fcb2a397140b758ea8d0ae21371465dc5bc6da24
937,RTU-2026-CS-000937,Anna Kalnina,Applied Computer Science,2026-02-14,cert_RTU-2026-CS-000937.pdf,1403,96077bc7dd009572d9bdfcbbec5c78680798d3ea7e7261ab740ab4500ab62cb4,1e6860702a4950f9380ddaba09e294a76f63972f9b3cb589b2a166f1c475237c
938,RTU-2026-CS-000938,Pavel Petrov,Electronics,2026-03-15,cert_RTU-2026-CS-000938.pdf,1380,92155b13e16034876c5158eebe6292dcd463fe65f371b75406d2e23995c2f20d,47b368f37e12abf945bc61b285220e6320245d0ca3f3fcfec8092c64642bd07c
939,RTU-2026-CS-000939,Nadia Liepa,Telecommunications,2026-04-16,cert_RTU-2026-CS-000939.pdf,1382,96be344310adef5d878dc558e267970d9726880c2ce6773893ef043377cfb5cb,d0869a1a55fedfdae135748be08ce621f0b0d341dc63e7aa33db8af49b4f3818
940,RTU-2026-CS-000940,Tomas Vitols,Computer Systems,2026-05-17,cert_RTU-2026-CS-000940.pdf,1386,153f501fb53b8390a42b6e9685280bdd8ca911f436d5b1315f7314513a10353b,c5c2a778e52719bd5c43cd1fac14c9ba68b74ab762e9f6bec4d6fc616bd29bfa
941,RTU-2026-CS-000941,Ines Tanaka,Information Technology,2026-06-18,cert_RTU-2026-CS-000941.pdf,1396,2efea0b6d4f4ff06117cda3ea87616e659bc589fafdff36244d0bfa9f97a71ae,05073479eb853dfb27847fb6c4cc338f10bb8f0b3807a1a6e0db02d68076eeec
942,RTU-2026-CS-000942,Karl Haddad,Applied Computer Science,2026-07-19,cert_RTU-2026-CS-000942.pdf,1398,ca26065eddda933d0162453fef442cd1c4ebc4e13de3ecaec7cdf501baa995d3,6741454eddd1983e056221e8a7ef8bb7caf94624cc9bdeeeeccc92b3b73b714d
943,RTU-2026-CS-000943,Rita Novak,Electronics,2026-08-20,cert_RTU-2026-CS-000943.pdf,1370,a167508fd84935f3a5c9e3d8a6a82efba28c7cc1dd9792941212861a39897603,bfba16882c0170ac14c1f507c94769bf0980f68a981dac1740c606856833bc03
944,RTU-2026-CS-000944,Hasan Saar,Telecommunications,2026-09-21,cert_RTU-2026-CS-000944.pdf,1385,6e2b14d110c0a4dfebceb4692bfb162c077d172391e559d6c93b2a6237f011cc,7be325320804b0f74f1b4381ee6e0eae5e435189141ae00067a3003b3105361e
945,RTU-2026-CS-000945,Elina Lapsa,Computer Systems,2026-10-22,cert_RTU-2026-CS-000945.pdf,1398,99f318b2cbb86fb5f1de7d3d0db9616781352db8b54c3a827290eb5142eeaf42,451d9e4701c547d808d34efa275f033a948e246a8cb78b6929cea451ea9474cb
946,RTU-2026-CS-000946,Janis Costa,Information Technology,2026-11-23,cert_RTU-2026-CS-000946.pdf,1393,1846276b4df3becfe5822faac337fa5931fb87d4eda512ed2bfc51cb7b6a7d24,7e673554809067736750785b75625c253dad47fdbe77abda255258d244db30bf
947,RTU-2026-CS-000947,Sofia Meyer,Applied Computer Science,2026-12-24,cert_RTU-2026-CS-000947.pdf,1390,bb19f6ae65d47df53aafb776ef90f3d383efc2bb427ba777a96aaf1992156fc5,7caf1df753ffc3e43ba912a229d771a28a9cfdfc19412566e264a383efb5a906
948,RTU-2026-CS-000948,Marko Zarina,Electronics,2026-01-25,cert_RTU-2026-CS-000948.pdf,1376,75d259e2b5a0fe924bfa9461e447e2c10cf94c956c62ff90b3d1d010559f7840,602a301e05435b9a97264b6eb831a38d1ab7599591ea960a898ca1354671f91e
949,RTU-2026-CS-000949,Liga Turan,Telecommunications,2026-02-26,cert_RTU-2026-CS-000949.pdf,1392,f0c2995e8ad9d99e284176878240c2280d4b4380dc4c42123dd68db009bd2135,51b7fe3aa814666e44c94f78c199213af345a0359e97d0da92a3c2ea4ebeedf7
950,RTU-2026-CS-000950,Andris Berzina,Computer Systems,2026-03-27,cert_RTU-2026-CS-000950.pdf,1396,7f4225873653c9c99e9de0ee13c69ed921ecb6634f2badae6bbb7f4e6b351e01,8d3733de356d63560c415807d32f352acc032046e3b8eed1f78411852bcdc3f2
951,RTU-2026-CS-000951,Yuki Ozols,Information Technology,2026-04-28,cert_RTU-2026-CS-000951.pdf,1387,b8c2f778a19bc8839caddd80aceef74825646090ec10331e20aa9f125bd61313,0f011932b0429ac6a601ccf1b5214e62de46d246953ac03c808488c0365e9417
952,RTU-2026-CS-000952,Omar Kalnina,Applied Computer Science,2026-05-01,cert_RTU-2026-CS-000952.pdf,1390,22868d6df4a4c70762a63f5ba9887621bf1bf58da6b5f947286298df43a405fd,280e5f8d2eef98372ba72de3862edfc23afc6d2228e2c6c652d27978ad297fb1
953,RTU-2026-CS-000953,Anna Petrov,Electronics,2026-06-02,cert_RTU-2026-CS-000953.pdf,1381,51d985214b43930e847d97e34023996f7562e6ce4d04865a3f4b67a58c9f6b7c,4dbc802311dd92b75d97d479fb91c8c05206115ea6d23fabe039fd3602d1bb13
954,RTU-2026-CS-000954,Pavel Liepa,Telecommunications,2026-07-03,cert_RTU-2026-CS-000954.pdf,1392,369fee58997394d163e379f311b1ef6780e710bf6ef396deb12f9bba9ed20a0e,b57dd87fe30381ff096f6a1c2854840725b4f9fe1549a71ea4c227d30f5d3ce3
955,RTU-2026-CS-000955,Nadia Vitols,Computer Systems,2026-08-04,cert_RTU-2026-CS-000955.pdf,1387,64acfe138693f221e50707586c34302f44312a60c77737d72cc59dd3b2a57afb,ec107014743179bfc2c6e741712b1928e37a677eb895ae97cb4738328a1179e6
956,RTU-2026-CS-000956,Tomas Tanaka,Information Technology,2026-09-05,cert_RTU-2026-CS-000956.pdf,1385,7b555023b984c8a944c8cf3aa7ffc70f2a2adebbb0d7c9057dfe83a784821dc1,cf47df45e1751e653cea603239876a6a546b9e58de34bd5dd234fc175792f5e3
957,RTU-2026-CS-000957,Ines Haddad,Applied Computer Science,2026-10-06,cert_RTU-2026-CS-000957.pdf,1400,a22ea8b63be3a3a27377f5c3b936412396d6413d1ffb8ec3a494e3da4e8cfd70,79bd1dd01537512c89145c4397695fcdc6c243a98f41c4de8acfa02bdbc22902
958,RTU-2026-CS-000958,Karl Novak,Electronics,2026-11-07,cert_RTU-2026-CS-000958.pdf,1382,202a9eca61699cda4ff41145b668cc224ec32c62186ef0d1604c85b7bc3429a0,d96d495685485d79cfdecb8f478719542a2157225cc01b630495c7b587c3d677
959,RTU-2026-CS-000959,Rita Kowalski,Telecommunications,2026-12-08,cert_RTU-2026-CS-000959.pdf,1386,59865afac3b89ea761db327f2b96c17513d6b9902e9816f805824b33a7ca97ae,59568e8d0c7ee61c46a2fcef906631627928bcad13d89d1324a1636eb76f21e7
960,RTU-2026-CS-000960,Hasan Lapsa,Computer Systems,2026-01-09,cert_RTU-2026-CS-000960.pdf,1385,8e6daf32fe3eb55c0549ae3c74f94d2c42445d9d75e8dcf14f8354d5b722529e,5b39ab28061a4a030e339d36ed424cd1f1625d47383f8e8cecae039ff20d0321
961,RTU-2026-CS-000961,Elina Costa,Information Technology,2026-02-10,cert_RTU-2026-CS-000961.pdf,1395,d70fe889dfda871e70ba7b3470594ed52195963ce6f25d53d405188a832b8fef,5062559ec0bb9c753279c3c971d1836619fe80b2c27eb37fac7e08236272b203
962,RTU-2026-CS-000962,Janis Meyer,Applied Computer Science,2026-03-11,cert_RTU-2026-CS-000962.pdf,1399,27901fce6995abb3ce0c2213bfbd6ae243bacca0bb1f9207f495a3286fd94758,9825b7ea87b50ba6577bc749efb35acc440423aaa0f08cee9b11cd6cdeedc39a
963,RTU-2026-CS-000963,Sofia Zarina,Electronics,2026-04-12,cert_RTU-2026-CS-000963.pdf,1369,378058034c5122fb3fee17977f712f977fc24a0b511fb23cdf7169464d668164,79c1ac776f1abc7cd5fcbb2f3662db8497ed123ebe708f49c92c380a836b5875
964,RTU-2026-CS-000964,Marko Turan,Telecommunications,2026-05-13,cert_RTU-2026-CS-000964.pdf,1387,c3a414b8d82791fb9e6095177fb2713634864c08159ff9530e9bd70602d136fb,d014145a1a1dac367c266eb3d1b72e1de3000317365eb781a1a20be622f8e8df
965,RTU-2026-CS-000965,Liga Berzina,Computer Systems,2026-06-14,cert_RTU-2026-CS-000965.pdf,1398,3e51a18bc244661b953eff90d7e255b454dd329889eefb613b4a9a69d31f3435,ad03d101520cf1697c8749d9bd5f1fbc8a91abe3eed2d6dae3cd381b693c38d0
966,RTU-2026-CS-000966,Andris Ozols,Information Technology,2026-07-15,cert_RTU-2026-CS-000966.pdf,1397,6966437c32bd9f550ba57483fbd84dbcac2ab9448cfba769da4e69763b27e15b,8b47a4161f6cb7bef39f5aa758aa172709059b2ad97843e56172ad66cf4b3e2b
967,RTU-2026-CS-000967,Yuki Kalnina,Applied Computer Science,2026-08-16,cert_RTU-2026-CS-000967.pdf,1388,a9e4d3570771718a448fc52b5e6f11d08240977d4859752b0bf228f5ee98a0dc,096c6fc6f7a2090d634ad3d132d4dd4fb27202892c5e1ee11902ed699c963135
968,RTU-2026-CS-000968,Omar Petrov,Electronics,2026-09-17,cert_RTU-2026-CS-000968.pdf,1369,338ddeb41da3aa81656793001780c0d9ba36b0e635c1b5bd981088844160a5e4,186430dfd40325d3406b0cae96fc8a007aaaefa55e344fd2fa945af7b907caaf
969,RTU-2026-CS-000969,Anna Liepa,Telecommunications,2026-10-18,cert_RTU-2026-CS-000969.pdf,1392,98af658a40cf4d244bf43ef7ef113a78f4cf7ab36b1f689fdcd355761f6c64ca,93dc141622052da45a15cf98e06f4e622c0c4300107b2348e725c21155a85c97
970,RTU-2026-CS-000970,Pavel Vitols,Computer Systems,2026-11-19,cert_RTU-2026-CS-000970.pdf,1392,f7326a95dd2f7d12605bc5a777da9171b84b71cf028c293c95526c89e14f40ab,89c5ae77df02c3c14bf115469b58972860ec6604b243a5bf97fd17ac3e876e42
971,RTU-2026-CS-000971,Nadia Tanaka,Information Technology,2026-12-20,cert_RTU-2026-CS-000971.pdf,1386,d9cf10532273dd5b317abd90252296d0a26ada376e57c4078309ee12097f9fa7,785a0c899c0591b260200fd3d5ed7a3505b041460b2baf45f7b65af3e7a01c3a
972,RTU-2026-CS-000972,Tomas Haddad,Applied Computer Science,2026-01-21,cert_RTU-2026-CS-000972.pdf,1388,2faaa490ad96a2d6e540947b487a5320835b29fa47250338ff20d474f7b2b66d,493374396a4620773da5a93b49422d1433510cd561525c65f48b2112e2b62a4f
973,RTU-2026-CS-000973,Ines Novak,Electronics,2026-02-22,cert_RTU-2026-CS-000973.pdf,1382,ea91c2237cfd6c624042ae408c95aa44110e0bffe46fcdacd7de4d007e1c9a7f,eef8e05d28c05beb7453fbf0a1ffc6658787dcba344fb5ec1f6fa3f00acbe795
974,RTU-2026-CS-000974,Karl Kowalski,Telecommunications,2026-03-23,cert_RTU-2026-CS-000974.pdf,1396,a6c6739ae88b39fec196b847ad51ba723bcdebfc941cc3445165528f3fdfac93,96e7852b2a63f4c2eaa199e8c6a80f7f286e258e3100989e5b737c6ac3f4fb38
975,RTU-2026-CS-000975,Rita Saar,Computer Systems,2026-04-24,cert_RTU-2026-CS-000975.pdf,1384,56048efed7edf5e803b7c5fa29e20ddbe16631a0fbd0eb1447c1e8d001b51d0b,9d9ca3de81108dd4415f9b7e70e02010f2f7eaea54162a717bf721d377dcfc13
976,RTU-2026-CS-000976,Hasan Costa,Information Technology,2026-05-25,cert_RTU-2026-CS-000976.pdf,1386,6773f6c8b68357f92969f825460a91162519d7c963a3f740596c4ef9594c9085,63f8dacd97725f4d4302acee84fbe38560f03d1debf3756616248a2699ae64c1
977,RTU-2026-CS-000977,Elina Meyer,Applied Computer Science,2026-06-26,cert_RTU-2026-CS-000977.pdf,1400,1eef1a7dc454c798db878d28ca3a4228bac702422f68dc65a8f3a2ff4bab9361,e8082ec975ae881569345f13839791bb6c1c822c04cacba0ba4093c2a342c053
978,RTU-2026-CS-000978,Janis Zarina,Electronics,2026-07-27,cert_RTU-2026-CS-000978.pdf,1379,d5e33e06fef497128f93090147bd267a6dce3a8dd4615eddd6f3ff17aa03bf1b,7a4af624a91b8a880807df34e54b44e81943ec2429cee7d1a2fe6678ee323166
979,RTU-2026-CS-000979,Sofia Turan,Telecommunications,2026-08-28,cert_RTU-2026-CS-000979.pdf,1384,64353c3d19961576debc3188595e7eb5b6270358bed9b38ee32062d946b0cf17,d43d8d9ce75ab47cce8884b7d7e78cb60c93001ad608eef8e4f3c681039b54cf
980,RTU-2026-CS-000980,Marko Berzina,Computer Systems,2026-09-01,cert_RTU-2026-CS-000980.pdf,1387,5d7d04293240821e0d13273202475e2a10aa1dfc444c38e4d661bf93e1301375,42e52361702b5e9ccf21a0f79a88baecf8f58a18eba39ce9580100b4a09a7b6b
981,RTU-2026-CS-000981,Liga Ozols,Information Technology,2026-10-02,cert_RTU-2026-CS-000981.pdf,1397,305b81b5f1c76bb25511e69c6f2a45e3d7c92854a3ca28b7e289eb4df0d367dd,c3c52c9543c4ab7db612d6bbbceb5df9c669e61b82f254efa7032ff21dd8fcec
982,RTU-2026-CS-000982,Andris Kalnina,Applied Computer Science,2026-11-03,cert_RTU-2026-CS-000982.pdf,1399,afc0721bd6156eda54933d5acaf40a090fb4279b9397eb67a6c287b3af37e9d3,bd2a31b8e95ef2225b6d9ddc96aa2d35c3b2d3836daa54f45104eec8b2539094
983,RTU-2026-CS-000983,Yuki Petrov,Electronics,2026-12-04,cert_RTU-2026-CS-000983.pdf,1373,9d8cc8efbc74106a12f27694815467e2a98d184de304be317ceb79925c4b870d,a1892ca520066732d7d36a99dc9928222263dbd31e157c7582c63015d19b6115
984,RTU-2026-CS-000984,Omar Liepa,Telecommunications,2026-01-05,cert_RTU-2026-CS-000984.pdf,1383,458d00e7fb05f5a48d3088e16f1e418cb4fe4fdeb1bd25153484c8c0e4e78564,a3e51f42d3d8f0ad23b615b1e1fdbd4805e5f962ee6b90a338a51a9e5f51ceda
985,RTU-2026-CS-000985,Anna Vitols,Computer Systems,2026-02-06,cert_RTU-2026-CS-000985.pdf,1397,6c448b127a6fec2eebd4be48efde44e89fbcd66a6c767de7086f4418893a130f,f7229e36c0337089211bf2174f5a75596585a32e9ee35d8ec2381bbbc136fe70
986,RTU-2026-CS-000986,Pavel Tanaka,Information Technology,2026-03-07,cert_RTU-2026-CS-000986.pdf,1393,56d2705d4d35067dd57b04c73a2eb83b4e02b8db3e7c848280913fcd6a803c64,7d7bfbb0d799e81a3d78bb7829e7bbe3d25978c4c65727854f2d4c9045e2e8af
987,RTU-2026-CS-000987,Nadia Haddad,Applied Computer Science,2026-04-08,cert_RTU-2026-CS-000987.pdf,1390,18ee31b931be3c76d5658bbc924f24585e6ed4ab547c307228d576d2063c1516,41cd6907d28171f0c473a3d311074884067efa728ba9a5c38d51a1045bd9bb95
988,RTU-2026-CS-000988,Tomas Novak,Electronics,2026-05-09,cert_RTU-2026-CS-000988.pdf,1372,a57d996d175732552c2a9ecd8db06bd504b9cc062169ce3f5c0c09a0dc1a459d,b702f66edae84368cc4e86177910b3d7129563f6a403d883878448026774fc0a
989,RTU-2026-CS-000989,Ines Kowalski,Telecommunications,2026-06-10,cert_RTU-2026-CS-000989.pdf,1397,c1644932efb7050fc4ede7c7f718d9e03dda48e809b915449a6d39f4dd7f8ee3,6a2f54e58e6ebf6274112197dfef7d7574f0a0978a6a09cd50e0767aa282af3f
990,RTU-2026-CS-000990,Karl Saar,Computer Systems,2026-07-11,cert_RTU-2026-CS-000990.pdf,1388,81c321e8ce34f3e75dbd3df04efda274b9ed9ace84d336480ad361d8ee47b885,33e563baf8ee9c687484bbe6ef5104c0cb5b2b35f7882ed534f162bff338919d
991,RTU-2026-CS-000991,Rita Lapsa,Information Technology,2026-08-12,cert_RTU-2026-CS-000991.pdf,1381,c31fee252225afcea37f05f4f1952286aaaf153d0ecfeff50c3e15a214406a63,6ecf7ff50a3398f74596c078319eafea97d35a3efecddcb0cd16506f58077379
992,RTU-2026-CS-000992,Hasan Meyer,Applied Computer Science,2026-09-13,cert_RTU-2026-CS-000992.pdf,1388,bb8b8f9de0e67a023a3f9c7b961d6ad465d65a53d97298c670bbe94c7bc5a766,367f12c888e653fcc473a3d36881a465a6aa45d0484d25e7a0c7d13b65a57b0f
993,RTU-2026-CS-000993,Elina Zarina,Electronics,2026-10-14,cert_RTU-2026-CS-000993.pdf,1382,b0f89d7acb6d6e43321859ee6de0055c0b3a794db229082e89ac14656de44aa3,b752db62c67e04e77dd481ff03ee60df1401db800c5dd59afc5bd563b86a4ba8
994,RTU-2026-CS-000994,Janis Turan,Telecommunications,2026-11-15,cert_RTU-2026-CS-000994.pdf,1391,d8b8d41d406792e19afb4294b34a01335b2eece9fa50e8465aaed82007ba3a4c,48a55f69e2df85af2f8fcf89ebd2ec1e7b8c0a5f7aa6f892def03cfbec26f5bf
995,RTU-2026-CS-000995,Sofia Berzina,Computer Systems,2026-12-16,cert_RTU-2026-CS-000995.pdf,1381,a3528c320a306e03ff18bd25b1812c401502e7d3b864d622cf7e788453e0b96a,5c5a6f3b078219d07e6464c86227d0adafd3932be5056e7d5fbc3e2d0fd29ed1
996,RTU-2026-CS-000996,Marko Ozols,Information Technology,2026-01-17,cert_RTU-2026-CS-000996.pdf,1386,0c8106dbb98f4ca87a31d942e44b7c4d9677d6ffd7c14e83a20c3248f6b9b6ff,ace171fde8ac65c6154ca4567b85d008c97b83ae423fb1d8f43972a353fd13a3
997,RTU-2026-CS-000997,Liga Kalnina,Applied Computer Science,2026-02-18,cert_RTU-2026-CS-000997.pdf,1398,1e02dbf769b96c060ded423aaf7a89ad4c74c8e9f18e00ea3559b234ad5b3519,95e8a80dcd184530f73b63bc5f120b3d9923bab39d63fdf61332301cdc18ed42
998,RTU-2026-CS-000998,Andris Petrov,Electronics,2026-03-19,cert_RTU-2026-CS-000998.pdf,1375,1f139c89790feeffd12220827f1a493101d555569a5233cc1ff971b1385d1b98,b087ef274304e2a4f4fcbae12ce28c9dc8eda0cbb3a55e92cf7225515afec618
999,RTU-2026-CS-000999,Yuki Liepa,Telecommunications,2026-04-20,cert_RTU-2026-CS-000999.pdf,1376,76e85b48160709c21144ea4599018386f9d242dac4cdbdb36bb052f0942f408e,0785318a21e0a66472796c4890c9f2141728018499cd76ff344de450215e3c5c